output_row,stack_row,exposure,status,elapsed_seconds,r2,rms_residual_scaled,closure_max_abs,skyline_fraction,weight_min,weight_median,weight_max
0,91,3897,Solved,6.342727167007979,0.9347073280309717,2.0543988019709087,0.0,0.608660591887751,0.0006002651682516868,0.006769025021564635,13.538050043129271
1,92,3898,Solved,6.286073750001378,0.9382879021284405,1.9388072381202224,0.0,0.608660591887751,0.0006006065813823909,0.006755540111144197,13.511080222288394
2,106,3912,Solved,6.155818999977782,0.939424962443535,1.4170210472177898,0.0,0.608660591887751,0.0006001392921596479,0.006717650076260685,13.43530015252137
3,107,3913,Solved,6.390363709011581,0.9428995759590076,1.3406126888963097,0.0,0.608660591887751,0.0005992494040411692,0.006741317671372235,13.48263534274447
4,110,3916,Solved,5.842201833991567,0.9374756749397763,1.2091879565382844,0.0,0.6087412305459237,0.0006015866494962447,0.00674091134387274,13.48182268774548
5,113,3920,Solved,5.97807145799743,0.9291513992406744,1.291491601303007,0.0,0.6087412305459237,0.0006010329132790482,0.0067169969907280615,13.433993981456123
6,114,3921,Solved,6.006015417020535,0.9310727360261132,1.2041184669958014,0.0,0.6088218692040964,0.0006003420248966892,0.006733182317673255,13.46636463534651
7,115,3922,Solved,5.984101709007518,0.9338884947482008,1.161022676378871,0.0,0.6088218692040964,0.0,0.006747314379148097,13.494628758296194
8,116,3923,Solved,5.5757488750095945,0.9350955002942043,1.122422472518429,0.0,0.6088218692040964,0.0,0.006754440951839825,13.50888190367965
9,124,3970,Solved,5.786566666007275,0.9746311799851926,1.0494154858604745,0.0,0.6087412305459237,0.0,0.00670690869355508,13.413817387110159
10,125,3971,Solved,5.972376167017501,0.9739885702580985,1.0267247282663998,0.0,0.6087412305459237,0.0,0.0067115703186659765,13.423140637331953
11,126,3972,Solved,5.817851458006771,0.9733229095716012,1.0546111775488067,0.0,0.6087412305459237,0.0,0.006694381756804295,13.38876351360859
12,130,3977,Solved,5.733404833998065,0.9648513576782846,1.9711936421525516,0.0,0.608660591887751,0.0005998766947679338,0.006659809182009888,13.319618364019776
13,131,3978,Solved,5.907898166013183,0.9678675821036319,1.8541599633950243,0.0,0.608660591887751,0.0006007143111039779,0.006675447843981937,13.350895687963872
14,132,3979,Solved,5.935024917009287,0.9703638671181953,1.7788658845850456,0.0,0.608660591887751,0.0006006486643305041,0.006681418203469408,13.362836406938815
15,135,3983,Solved,5.89381691699964,0.9725500005217107,1.5135917643910326,0.0,0.6087412305459237,0.0,0.006654799072724911,13.309598145449822
16,136,3984,Solved,5.908503874990856,0.971128587232553,1.5570322266405923,0.0,0.6087412305459237,0.0,0.006672127357072679,13.344254714145357
17,137,3985,Solved,6.0061697920027655,0.9713695164305738,1.5559452247139525,0.0,0.608660591887751,0.0,0.006649209656610404,13.298419313220807
18,138,3986,Solved,6.0718577499792445,0.9587460435246322,1.588083138084118,0.0,0.608660591887751,0.0006047787838846759,0.0068463882182419455,13.692776436483891
19,139,3987,Solved,6.0484589579864405,0.954781373642225,1.683572719219244,0.0,0.6087412305459237,0.0006037001499355312,0.006692522513906847,13.385045027813694
20,141,3989,Solved,6.2414582499768585,0.9743258115186778,1.664147124177616,0.0,0.6087412305459237,0.0,0.006714222590233257,13.428445180466513
21,143,3991,Solved,5.848058624978876,0.9757452364630447,1.6601058220188778,0.0,0.6087412305459237,0.0,0.00670407379849647,13.40814759699294
22,160,4105,Solved,6.4926704579847865,0.9788140883061149,1.9257380983546541,0.0,0.608660591887751,0.0006027305616230281,0.006700870682341677,13.401741364683355
23,161,4106,Solved,6.208501542016165,0.9778317904618667,1.9657596047379466,0.0,0.608660591887751,0.0006005528091716611,0.006682357075655152,13.364714151310304
24,162,4107,Solved,5.759780541004147,0.9785011190069494,1.9264189498195468,0.0,0.608660591887751,0.0006015906887090893,0.006650653595553588,13.301307191107174
25,163,4108,Solved,5.654989458998898,0.973822348202529,2.128751322401683,0.0,0.608660591887751,0.0006008699079093736,0.006649363306129727,13.298726612259452
26,166,4114,Solved,5.3926982909906656,0.9784620723370834,1.7534029985785171,0.0,0.6088218692040964,0.0006013175043147592,0.006715743963234534,13.43148792646907
27,167,4115,Solved,5.572493792016758,0.9772901284013613,1.6476661503136947,0.0,0.6088218692040964,0.0006005179438351113,0.006663901451332337,13.327802902664674
28,168,4116,Solved,6.175274041015655,0.9771567963096708,1.6228448192682905,0.0,0.6088218692040964,0.0,0.006685382460212706,13.370764920425412
29,169,4117,Solved,5.9908404590096325,0.9766277460876902,1.6357231406977064,0.0,0.6088218692040964,0.0006003142242727359,0.0066641782337375855,13.32835646747517
30,171,4119,Solved,5.943422417010879,0.9763654301334429,1.6537792603255284,0.0,0.6088218692040964,0.0005996387974047904,0.006667129129237238,13.334258258474476
31,172,4120,Solved,6.170741708017886,0.9759782686329201,1.7679456134815503,0.0,0.6088218692040964,0.0006002850777508639,0.006710827740629183,13.421655481258366
32,185,4161,Solved,6.152597374981269,0.9730278249012352,1.8193441964772308,0.0,0.6087412305459237,0.0,0.006775162290402405,13.550324580804809
33,186,4162,Solved,6.19966545898933,0.969494267821871,1.9086455192383633,0.0,0.608660591887751,0.0,0.006740578748185741,13.481157496371482
34,187,4163,Solved,5.954935584013583,0.972608260459195,1.7801621641005074,0.0,0.608660591887751,0.0006037717931196424,0.006762777133884748,13.525554267769497
35,189,4165,Solved,6.101071500015678,0.9695334415573534,1.5567449555305417,0.0,0.608660591887751,0.0006003691690536696,0.006720990293977312,13.441980587954623
36,190,4166,Solved,5.898316457984038,0.9722671045896256,1.4189054615047052,0.0,0.6087412305459237,0.0006002660682265187,0.006743512159649059,13.487024319298117
37,549,5584,Solved,5.936607082985574,0.9619285130337727,1.408204773976747,0.0,0.6087412305459237,0.0005994682452467939,0.0067420201540545534,13.484040308109106
38,550,5585,Solved,5.8596349580038805,0.9684925965784508,1.3541555980170088,0.0,0.608660591887751,0.0006003421719518551,0.006666473863353577,13.332947726707154
39,553,5588,Solved,5.811030249984469,0.9661708536957633,1.3920698375516867,0.0,0.6087412305459237,0.0,0.0067235831240437145,13.447166248087429
40,1105,4112,Solved,5.391381208988605,0.9767107561764412,1.886381704935806,0.0,0.6087412305459237,0.0,0.006650730713889593,13.301461427779184
41,1111,5669,Solved,5.462922374979826,0.9790351928629409,1.1960888014366005,0.0,0.6087412305459237,0.0006004319532876796,0.0066508521280920965,13.301704256184191
42,1116,4110,Solved,5.394260208006017,0.9765424717366649,2.0068618298157057,0.0,0.6087412305459237,0.0,0.00667008574513978,13.34017149027956
43,1117,5667,Solved,5.168953915999737,0.9792444065634264,1.198105065075489,0.0,0.6087412305459237,0.0006002321229552927,0.006687841731686029,13.375683463372058
44,1118,4111,Solved,5.423899874993367,0.9775303610435595,1.916002360689333,0.0,0.6087412305459237,0.0,0.006660275137790164,13.320550275580327
45,1119,5668,Solved,5.5590574580128305,0.9806438196652507,1.1944614762631365,0.0,0.6088218692040964,0.0,0.0066908255507056175,13.381651101411235
46,1120,5666,Solved,5.570437332993606,0.9786020955923093,1.260334635377195,0.0,0.6087412305459237,0.0006007017140805342,0.0066730230325757894,13.346046065151578
47,1130,5551,Solved,5.359516583994264,0.9440547774470349,1.3849262446717083,0.0,0.6087412305459237,0.0,0.006751513056390059,13.503026112780118
48,4993,5674,Solved,5.381519458023831,0.9802594528079126,1.2449075128595952,0.0,0.6088218692040964,0.000600486338347647,0.006719016816474739,13.438033632949477
49,5026,49925,Solved,5.540315332997125,0.9417734901756265,1.4041807355914333,0.0,0.6088218692040964,0.0,0.0067857812794185025,13.571562558837005
50,5226,5675,Solved,5.55774995801039,0.9804277508498059,1.2440506324890674,0.0,0.6088218692040964,0.0006017644592763271,0.006729646809776225,13.459293619552449
51,5252,5676,Solved,5.435243290994549,0.9798445637325945,1.2265593605131628,0.0,0.6088218692040964,0.0006002768270918962,0.006686056025750015,13.37211205150003
52,5259,49926,Solved,5.410244250000687,0.9422753261697215,1.5063771533839605,0.0,0.6088218692040964,0.0006009305790362143,0.006805498072857615,13.61099614571523
53,5280,5677,Solved,5.585951041983208,0.979516154235283,1.211752276111862,0.0,0.6088218692040964,0.0,0.006681704917697465,13.363409835394929
54,5317,5678,Solved,5.5902929170115385,0.9804684407913956,1.185892952382312,0.0,0.6088218692040964,0.0,0.006674178107727437,13.348356215454872
55,5369,5679,Solved,5.55313887502416,0.9804184934364919,1.2055703511866835,0.0,0.6088218692040964,0.0005992199686181888,0.00669080457276013,13.38160914552026
56,5438,8242,Solved,5.459569750004448,0.9507763524629638,1.6456343602023817,0.0,0.6088218692040964,0.000601829515946004,0.006804952606595203,13.609905213190405
57,5541,8244,Solved,5.6815868339908775,0.9444769716239411,1.7934772991953036,0.0,0.6087412305459237,0.0006002508432748112,0.006735231530685816,13.470463061371632
58,5565,8245,Solved,5.639704957982758,0.9512485245011973,1.6928759598918488,0.0,0.6088218692040964,0.0005999337865408344,0.006709871826998575,13.41974365399715
59,5586,8246,Solved,5.571993667021161,0.9538369882608653,1.57132424692068,0.0,0.6088218692040964,0.0006011226179136603,0.006758913607959115,13.517827215918231
60,5607,8243,Solved,5.558167000010144,0.9456600015141294,1.760248176828742,0.0,0.6088218692040964,0.0006003677205709079,0.006778281587181116,13.556563174362232
61,5691,5670,Solved,6.009598333999747,0.9799335405532332,1.3764771746660651,0.0,0.6087412305459237,0.0006015244846675088,0.0067159166893157336,13.431833378631467
62,5693,47086,Solved,5.688377542013768,0.9424705489564507,0.9754521593562427,0.0,0.6087412305459237,0.0006009843753028034,0.006759684510224093,13.519369020448185
63,5694,47141,Solved,5.876402583002346,0.9665954194559762,0.8565207119126513,0.0,0.6087412305459237,0.0006018307448613719,0.0067094694816717945,13.418938963343589
64,5728,47087,Solved,5.993117874983,0.9441045819713542,0.9243422888695341,0.0,0.6087412305459237,0.0006006998467398398,0.006760143057608924,13.520286115217848
65,5729,47142,Solved,5.464728291990468,0.9679343686385017,0.8427592184441681,0.0,0.6087412305459237,0.0,0.00672042444440016,13.44084888880032
66,5739,5671,Solved,5.725934124988271,0.9803811539061004,1.253621227790115,0.0,0.6088218692040964,0.0006014092184749369,0.006718150563263021,13.436301126526041
67,5789,5672,Solved,5.804684874980012,0.9811182552854599,1.239462453113885,0.0,0.6088218692040964,0.0,0.006733024695718554,13.466049391437107
68,5820,8239,Solved,6.1111290419939905,0.9478237671550278,1.6267417832824833,0.0,0.6087412305459237,0.0006012215259525722,0.006776571251453592,13.553142502907184
69,5827,5673,Solved,5.951830542006064,0.9808198625236895,1.2644132131979053,0.0,0.6088218692040964,0.0,0.006721468327906268,13.442936655812536
70,5843,49924,Solved,6.099399667000398,0.9385463378069674,1.4280419028559164,0.0,0.6088218692040964,0.000600421785627416,0.0068132603359701656,13.626520671940332
71,5861,8240,Solved,6.209237792005297,0.9491147124791478,1.6473536679054341,0.0,0.6087412305459237,0.0006016201068735381,0.006788234924343042,13.576469848686083
72,5879,8241,Solved,5.841314500023145,0.9489623556326572,1.6557065573978371,0.0,0.6088218692040964,0.0006030163265122963,0.006783187171177359,13.566374342354719
73,5912,9746,Solved,5.868076124985237,0.9379668968926802,1.3032578895323241,0.0,0.608660591887751,0.0006007502026916241,0.006683330327412939,13.366660654825878
74,5921,10113,Solved,5.8505311670014635,0.9123011535913703,2.044634473626846,0.0,0.608660591887751,0.0,0.006725838568730538,13.451677137461076
75,5923,9743,Solved,5.926301291998243,0.9339546373190061,1.4610196196062246,0.0,0.608660591887751,0.0006023133100162589,0.006763652085537427,13.527304171074853
76,5937,9744,Solved,5.78623491700273,0.9404336573853392,1.2209891904535655,0.0,0.6087412305459237,0.0006022068840780953,0.00674739397624448,13.49478795248896
77,5949,9745,Solved,5.724578707973706,0.937058949692132,1.3169042114658216,0.0,0.608660591887751,0.0006023291611879853,0.006702243489356242,13.404486978712484
78,5971,37539,Solved,5.390064667008119,0.9386433867528686,1.8524842881513885,0.0,0.6088218692040964,0.0,0.006767344356492183,13.534688712984366
79,5977,47131,Solved,5.57729141699383,0.9511289797551281,1.5959837025184587,0.0,0.608660591887751,0.0,0.006722190321460839,13.44438064292168
80,5999,22151,Solved,5.356735042005312,0.9538065956920052,0.7083519838995191,0.0,0.6087412305459237,0.000599849984213761,0.0067614577901061665,13.522915580212333
81,6044,44865,Solved,5.582419667014619,0.9526138601389847,0.9844472868555284,0.0,0.608660591887751,0.000600782064342371,0.006714812150929084,13.42962430185817
82,6076,37540,Solved,5.375279458006844,0.9383460954513545,1.9091322398819521,0.0,0.6088218692040964,0.0,0.006764538888463342,13.529077776926684
83,6156,38760,Solved,5.583253832999617,0.9611562853780218,0.8436869695892671,0.0,0.608660591887751,0.0006000783571464462,0.0066768765492302646,13.353753098460528
84,6157,38759,Solved,5.323769500013441,0.9625325655769665,0.9287164286450272,0.0,0.608660591887751,0.0005998125307694406,0.0067024074255068525,13.404814851013706
85,6173,38758,Solved,5.521004083013395,0.9620307305874619,0.9961268799160656,0.0,0.608660591887751,0.0005997757560807644,0.006678582040484863,13.357164080969724
86,6190,38755,Solved,5.54002883299836,0.9527683685718504,1.1024032171202789,0.0,0.608660591887751,0.000600379280616682,0.0067042744944982,13.4085489889964
87,6194,38757,Solved,5.437781792017631,0.9580632759333154,1.0537623367934135,0.0,0.608660591887751,0.0006005663744730939,0.006684078684546752,13.368157369093504
88,6195,38756,Solved,5.763348959007999,0.9564865072272047,1.0731969893674016,0.0,0.608660591887751,0.0006004029613316392,0.006683002336729631,13.36600467345926
89,6251,43247,Solved,5.774413499981165,0.9294526474377346,2.204241674200272,0.0,0.608660591887751,0.0006007753410713141,0.006692706971448044,13.385413942896088
90,6279,43249,Solved,5.771875374979572,0.9282464432782174,2.191121270356785,0.0,0.608660591887751,0.0006013257622535738,0.006699109031277377,13.398218062554756
91,6297,39267,Solved,5.5834267499740236,0.9437634671192503,1.6244025098213415,0.0,0.6088218692040964,0.0,0.006790002433125856,13.580004866251711
92,6375,9809,Solved,5.765286834008293,0.9507671100025116,1.242568711683583,0.0,0.608660591887751,0.0006020226266367619,0.0067213902951287,13.4427805902574
93,6438,37535,Solved,5.661732749984367,0.9498922275454695,1.4069863974148211,0.0,0.6088218692040964,0.0,0.006755900494892268,13.511800989784536
94,6439,37533,Solved,5.656676332990173,0.9539853889616736,1.1710411173941007,0.0,0.6088218692040964,0.0,0.006749873451930669,13.499746903861338
95,6441,41932,Solved,5.800756665994413,0.9363924628465371,1.875676099204365,0.0,0.608660591887751,0.0006005298465580268,0.006729978340063287,13.459956680126574
96,6446,37532,Solved,5.646272125013638,0.952121264602643,1.1576052090518965,0.0,0.6088218692040964,0.0005999461046059239,0.006746124142820708,13.492248285641416
97,6447,37531,Solved,5.643113666999852,0.9533055856666877,1.0819656012033365,0.0,0.6088218692040964,0.0,0.006761835717804943,13.523671435609886
98,6449,34613,Solved,5.780450374993961,0.9485597861975805,0.8968180957221382,0.0,0.6087412305459237,0.0006007354633876849,0.006728514075632353,13.457028151264707
99,6457,39266,Solved,5.554915083019296,0.9389081852145265,1.6544133951355522,0.0,0.6088218692040964,0.0006004623886080961,0.00677103392475528,13.54206784951056
100,6458,39265,Solved,5.679041249997681,0.9378276329819584,1.6336719174804215,0.0,0.6088218692040964,0.0,0.006793159171378371,13.586318342756742
101,6472,20012,Solved,5.563143707986455,0.9383032866750304,1.8084299792031082,0.0,0.6088218692040964,0.0006009052247573809,0.006765410362468543,13.530820724937087
102,6532,41934,Solved,5.810275416995864,0.9359154182976577,1.273707129123996,0.0,0.608660591887751,0.0,0.006733166961146708,13.466333922293416
103,6574,22150,Solved,5.807931624993216,0.9549046303811829,0.6784720791314166,0.0,0.6087412305459237,0.0,0.00673234507463849,13.46469014927698
104,6708,37521,Solved,5.619186500000069,0.9558651733285977,1.2472812996566773,0.0,0.6088218692040964,0.0005991590784292301,0.006746932360703537,13.493864721407075
105,6709,37522,Solved,5.622260832984466,0.955896108882916,1.1805450363244907,0.0,0.6088218692040964,0.0005987117293303141,0.0067627689198333325,13.525537839666665
106,6712,37523,Solved,5.584223165991716,0.9586599471490341,1.0707636896085924,0.0,0.6088218692040964,0.0,0.006719035123071399,13.438070246142798
107,6719,37524,Solved,5.643242207996082,0.9626286142622449,0.9692442951863371,0.0,0.6088218692040964,0.000599345160691957,0.006736521929379537,13.473043858759075
108,6722,37525,Solved,5.463577415997861,0.9681812763929454,0.8431152724495734,0.0,0.6088218692040964,0.0005993313925662884,0.006742213533587474,13.484427067174947
109,6725,37526,Solved,5.521198292000918,0.967943816611327,0.8383471902081553,0.0,0.6088218692040964,0.0,0.0067188441723401065,13.437688344680213
110,6727,37534,Solved,5.476253750006435,0.9525653644383022,1.3018446105560506,0.0,0.6088218692040964,0.000599707116635107,0.00674716144685341,13.49432289370682
111,6733,41931,Solved,5.785006124991924,0.9289489839337886,2.2774629250043823,0.0,0.608660591887751,0.0,0.006746130573093197,13.492261146186395
112,6737,37530,Solved,5.385742625017883,0.9542761224719888,1.0595255958783387,0.0,0.6088218692040964,0.0,0.006726341119550724,13.452682239101447
113,6738,37529,Solved,5.481622207997134,0.9590134374181007,0.9605914023769253,0.0,0.6088218692040964,0.0006003406433783247,0.006719798735102612,13.439597470205225
114,6739,34612,Solved,5.582950667012483,0.9518225357508225,0.8145037743568143,0.0,0.6087412305459237,0.0006005395566974702,0.006724900934167254,13.449801868334507
115,6752,39264,Solved,5.463306833000388,0.9406849654971998,1.5245656802287255,0.0,0.6088218692040964,0.0,0.006778852057644046,13.557704115288093
116,6753,39263,Solved,5.581361457996536,0.9408880346348777,1.482198780045247,0.0,0.6088218692040964,0.0006003299486489131,0.006810788614355063,13.621577228710127
117,6831,41933,Solved,5.583689833001699,0.9322625118169839,1.5775384130302201,0.0,0.608660591887751,0.0,0.006714582722155301,13.429165444310602
118,7018,34611,Solved,5.5757871250098106,0.9474862401489741,0.8058033811820444,0.0,0.6087412305459237,0.0006003974171272156,0.006705959963477377,13.411919926954752
119,7020,37528,Solved,5.381307832984021,0.9573317762909287,0.991545140927503,0.0,0.6088218692040964,0.0,0.006748466897786432,13.496933795572863
120,7025,19540,Solved,5.599042749992805,0.9490156440450213,1.7457890758451797,0.0,0.6087412305459237,0.0006008808907011003,0.00674304896388701,13.48609792777402
121,7125,41935,Solved,5.552228584012482,0.9399603254769856,1.0687372061453082,0.0,0.608660591887751,0.0,0.006689577521309555,13.37915504261911
122,7303,37538,Solved,5.541942416981328,0.9449994931223478,1.6989021637178539,0.0,0.6088218692040964,0.0,0.006784965448992909,13.569930897985818
123,7305,37527,Solved,5.524934165994637,0.9615035177148805,0.9578136786665269,0.0,0.6088218692040964,0.0005996448177627821,0.006763089828205802,13.526179656411603
124,7310,13367,Solved,5.423172124981647,0.9505391650974075,1.3464216308132413,0.0,0.6088218692040964,0.0,0.00679296927545526,13.58593855091052
125,7869,34556,Solved,5.499119292013347,0.906561975085632,1.7881486092356584,0.0,0.608660591887751,0.0005988668583621086,0.006719093363525674,13.438186727051347
126,7876,34557,Solved,5.5432432089874055,0.9100460644597107,1.7696198332315927,0.0,0.608660591887751,0.0006001567807826712,0.006736674026826234,13.473348053652467
127,7878,34559,Solved,5.553961291006999,0.9093711661141461,1.9564956937726983,0.0,0.608660591887751,0.0005990486191471498,0.006681013583917298,13.362027167834595
128,7879,34558,Solved,5.910034708009334,0.9110755286263206,1.8227168275035734,0.0,0.608660591887751,0.0006002166995459336,0.006703996078843391,13.407992157686783
129,7888,34560,Solved,5.775259624992032,0.9085337631250143,1.9079075156568202,0.0,0.608660591887751,0.0006006242568952393,0.0066705140107672645,13.341028021534528
130,7889,34561,Solved,6.032437457994092,0.9104368569351745,1.796879587412562,0.0,0.608660591887751,0.00060114613912678,0.006680971794891765,13.36194358978353
131,8167,53166,Solved,5.782104582991451,0.9458429107278451,0.9138554943171304,0.0,0.6087412305459237,0.000600068754159939,0.006690028224889489,13.380056449778976
132,8168,53167,Solved,5.409707042010268,0.9479699426175419,0.8953085289847286,0.0,0.6087412305459237,0.0,0.00671250201688505,13.425004033770099
133,8174,53171,Solved,5.672830584022449,0.9280445574362401,1.4539050860271072,0.0,0.6087412305459237,0.0005997989758288934,0.006748459945692446,13.496919891384893
134,8184,19539,Solved,5.612505666009383,0.9417123223054974,1.7869922343541582,0.0,0.6087412305459237,0.0006008392459277839,0.006743047622319351,13.486095244638701
135,8186,34562,Solved,5.8408726250054315,0.9071436250879189,1.9927752066279505,0.0,0.608660591887751,0.0005994602392211598,0.0066979230202678895,13.39584604053578
136,8187,34563,Solved,5.743326625000918,0.911442703624881,1.834527897377883,0.0,0.608660591887751,0.0006007290281706509,0.00668611168271781,13.37222336543562
137,8205,21644,Solved,5.72860587501782,0.9456683014889281,1.8661883865910895,0.0,0.6087412305459237,0.0,0.006738602767336372,13.477205534672745
138,8238,40487,Solved,5.612848791002762,0.9317240191895978,1.7513522601821638,0.0,0.608660591887751,0.0006012149098100205,0.0067336278003994,13.467255600798799
139,8357,44863,Solved,5.701913333992707,0.9499998888718372,0.9423569737584551,0.0,0.6087412305459237,0.0006019453300445586,0.006714083321153107,13.428166642306214
140,8358,44864,Solved,5.572604290995514,0.9525208379233874,0.9352182786271758,0.0,0.608660591887751,0.0006016213224450688,0.0066990798734016905,13.39815974680338
141,8484,53168,Solved,5.52821637497982,0.9394463299823357,1.068305644007224,0.0,0.6088218692040964,0.0006002387657122123,0.006740564158181811,13.481128316363622
142,8485,53169,Solved,5.402216458984185,0.9343984963029222,1.1478050957403423,0.0,0.6088218692040964,0.0006005660274638018,0.0067351974040019795,13.47039480800396
143,8486,53170,Solved,5.489616624981863,0.9313213076409488,1.1969112001049773,0.0,0.6087412305459237,0.0006004103779030104,0.006746336233266078,13.492672466532156
144,8557,40490,Solved,5.645047166995937,0.9414344929885766,1.376589099018394,0.0,0.608660591887751,0.000601537843818795,0.00671819437133689,13.436388742673781
145,8558,40488,Solved,5.703059083985863,0.9333511968339008,1.6109706834192095,0.0,0.608660591887751,0.0006008997471111939,0.00671316147621625,13.4263229524325
146,8768,53172,Solved,5.630408166995039,0.9285397825064998,1.891891052339533,0.0,0.6087412305459237,0.0006000689474957941,0.006722260684536411,13.444521369072822
147,8804,41929,Solved,5.62476187502034,0.9257284737512445,2.7332187116842186,0.0,0.6087412305459237,0.0,0.006752844143064661,13.50568828612932
148,8892,40486,Solved,5.82621504200506,0.9358533168541322,1.5646585551280503,0.0,0.608660591887751,0.0006014511814837006,0.0067018478282080745,13.403695656416149
149,8893,40489,Solved,5.701245208998444,0.9384760743982026,1.4661356533083079,0.0,0.608660591887751,0.0006004256518564871,0.006710510633065895,13.42102126613179
150,9026,33031,Solved,5.899325250007678,0.9042360743317508,1.9762602816838115,0.0,0.608660591887751,0.0,0.006715707465665924,13.431414931331847
151,9030,33030,Solved,5.754592000012053,0.9008324937522945,2.0585495777623586,0.0,0.608660591887751,0.0005996448420671706,0.006714908262998228,13.429816525996454
152,9037,53165,Solved,5.463075000006938,0.9471231808488729,0.9748533818013724,0.0,0.6088218692040964,0.0006012551052196653,0.006744479411921082,13.488958823842163
153,9054,32974,Solved,5.598032667010557,0.9270703219257119,1.2549963755831453,0.0,0.6088218692040964,0.0005990936787158451,0.00674678364013505,13.493567280270101
154,9056,33029,Solved,5.734059625014197,0.9011478678400736,1.7210299701346565,0.0,0.608660591887751,0.0005996950232775749,0.006719435392994005,13.438870785988009
155,9069,13032,Solved,5.6547423750162125,0.9707227897457098,1.995903303442333,0.0,0.6088218692040964,0.0006007061266965005,0.006705915881152487,13.411831762304972
156,9071,41930,Solved,5.615295249997871,0.9265051954811386,2.6697697566999197,0.0,0.608660591887751,0.0006008928223758328,0.0067196736348579585,13.439347269715917
157,9172,40491,Solved,5.574663416977273,0.9464688719435843,1.2647642035778404,0.0,0.608660591887751,0.0006006295870930957,0.006691449385079231,13.382898770158462
158,9352,13366,Solved,5.427155041979859,0.9568064555572751,1.2461998242029084,0.0,0.6088218692040964,0.0,0.006775334115264353,13.550668230528705
159,9353,13364,Solved,5.498045832995558,0.9617059854860717,1.180634293756648,0.0,0.6088218692040964,0.0,0.006766890631969066,13.533781263938131
160,9379,21643,Solved,5.5110843339934945,0.9597381876067962,1.5962962270046737,0.0,0.6087412305459237,0.0,0.0067205344311255045,13.441068862251008
161,9634,13365,Solved,5.58248608399299,0.9556055842309843,1.14206452887503,0.0,0.6088218692040964,0.0,0.00677885127987708,13.557702559754159
162,9635,13363,Solved,5.45782541699009,0.9624046703251392,1.1446480155276924,0.0,0.6088218692040964,0.0,0.006764631984703287,13.529263969406573
163,9738,40492,Solved,5.690450541005703,0.9502553909915807,1.1144656080313406,0.0,0.608660591887751,0.0006013499709516133,0.006707957189773796,13.415914379547592
164,9739,40494,Solved,5.781192041991744,0.9436371680825051,1.0862028749191521,0.0,0.608660591887751,0.0006003727952714215,0.006690157300962399,13.380314601924798
165,9885,15126,Solved,5.729626499989536,0.9537881899431773,1.3165917407204897,0.0,0.6088218692040964,0.0005995719499763471,0.006726626646656655,13.45325329331331
166,9901,13358,Solved,5.715624915988883,0.9623195337311335,0.7143734529687671,0.0,0.6088218692040964,0.0,0.006724900742513474,13.449801485026947
167,9903,13021,Solved,5.808315125002991,0.9747275015137395,1.8320819615326656,0.0,0.6087412305459237,0.0005999789571830976,0.006664333562030459,13.32866712406092
168,9911,13362,Solved,5.602706000005128,0.9685656918355982,1.067701671593251,0.0,0.6088218692040964,0.0,0.0067424031069432296,13.48480621388646
169,10011,40493,Solved,5.73049175000051,0.9451148980655455,1.1702906999845033,0.0,0.608660591887751,0.0006012054193712433,0.006690074482437896,13.380148964875792
170,10012,40495,Solved,5.663225624972256,0.9402518857471479,1.0439284744730566,0.0,0.608660591887751,0.0006001794970208818,0.006699732518837699,13.399465037675398
171,10027,40409,Solved,5.640541208005743,0.933897217298461,1.3136545648234015,0.0,0.6088218692040964,0.0,0.006764828958504898,13.529657917009796
172,10170,13359,Solved,5.885649375006324,0.9680894741969994,1.0067443543670342,0.0,0.6088218692040964,0.000598963691702635,0.006734076596061647,13.468153192123294
173,10171,13360,Solved,5.9261695420136675,0.9603862683327052,1.0974867782042634,0.0,0.6088218692040964,0.0005993492319246972,0.006755630943746328,13.511261887492656
174,10172,13361,Solved,6.009514707984636,0.9644192783469406,1.0781833742267661,0.0,0.6088218692040964,0.0,0.006747130559528074,13.494261119056146
175,10175,37537,Solved,5.722689000016544,0.9476802031465399,1.623533900044107,0.0,0.6088218692040964,0.0006004221115188777,0.006746691327705702,13.493382655411404
176,10271,40408,Solved,6.013072708010441,0.9278532012321807,1.637573221402618,0.0,0.6087412305459237,0.0005978897471991296,0.006747869984205573,13.495739968411147
177,10351,33032,Solved,5.70237916597398,0.8938464248214122,2.6001726525508433,0.0,0.608660591887751,0.0006001258821125712,0.006730845495559231,13.461690991118461
178,10395,13018,Solved,5.719039833988063,0.9752925691929821,1.9417013107320098,0.0,0.6088218692040964,0.0005993913288438778,0.006693713763907126,13.387427527814252
179,10398,13356,Solved,5.5190807079779916,0.9461385591976386,1.0815037773144593,0.0,0.6088218692040964,0.0005985890510145044,0.006741218583008609,13.482437166017217
180,10401,13020,Solved,5.775017042004038,0.9752454078925137,1.845469186318394,0.0,0.6088218692040964,0.0005995770995521932,0.006677774733634092,13.355549467268183
181,10404,11381,Solved,5.672178375010844,0.9237898693737117,4.965340070343652,0.0,0.6088218692040964,0.0005931834051996018,0.006734195393425864,13.468390786851728
182,10414,13022,Solved,5.760096792015247,0.9744043216646403,1.8291279390318862,0.0,0.6088218692040964,0.0006002702396452017,0.006696774257931675,13.393548515863351
183,10416,37536,Solved,5.714487499993993,0.9453255740157722,1.5837853182707355,0.0,0.6088218692040964,0.0,0.00676590110112384,13.531802202247679
184,10574,22145,Solved,6.111312416993314,0.9553526913719996,0.6097004426320245,0.0,0.6087412305459237,0.0006005721767074199,0.00673027072944259,13.46054145888518
185,10575,22146,Solved,6.062676249974174,0.9572787292244423,0.594215492793942,0.0,0.6087412305459237,0.000600599184256709,0.006710378305233448,13.420756610466896
186,10577,22147,Solved,6.184746374987299,0.960450078565986,0.5652912358900257,0.0,0.6087412305459237,0.0006010957406763686,0.006723978168230525,13.44795633646105
187,10578,22148,Solved,6.30720341700362,0.9583349175525263,0.6231638684224213,0.0,0.6087412305459237,0.0006006751172672746,0.006762211702664039,13.524423405328077
188,10579,22149,Solved,6.162850000022445,0.9551314565475926,0.6962712181391133,0.0,0.6087412305459237,0.0006022981399800882,0.0067524865801629665,13.504973160325932
189,10684,13355,Solved,6.229519958986202,0.9538059424745932,1.1438148097946346,0.0,0.6087412305459237,0.0,0.0067207627009375865,13.441525401875174
190,10689,11375,Solved,6.159737875015708,0.9373240217388793,3.648261854117688,0.0,0.6088218692040964,0.0005941199744513601,0.006713194322317071,13.426388644634143
191,10693,11378,Solved,6.140671666013077,0.9617356889307255,2.0881223039956422,0.0,0.6087412305459237,0.0,0.006716422202969378,13.432844405938756
192,10696,11379,Solved,6.266509999986738,0.9452071615043511,2.4737715275358556,0.0,0.6087412305459237,0.0005958996208750899,0.006707975164931146,13.415950329862293
193,10956,11376,Solved,6.131662458006758,0.9379461486235612,3.3734933144315757,0.0,0.6088218692040964,0.0005946770739569051,0.006734620415000366,13.469240830000732
194,10957,11377,Solved,6.044931042008102,0.9641911294733028,2.088325161854289,0.0,0.6087412305459237,0.0005972236868687677,0.006699401571314145,13.39880314262829
195,10967,13023,Solved,6.071142208005767,0.9748447747282529,1.84359017921059,0.0,0.6088218692040964,0.0006003887030203236,0.006708915934017783,13.417831868035565
196,11240,13030,Solved,5.607619500020519,0.9713289287032121,1.777982098548307,0.0,0.6087412305459237,0.0005999326804064376,0.006690427213693006,13.380854427386012
197,11241,13029,Solved,5.5534790419915225,0.9719126491138728,1.7671548224865907,0.0,0.6087412305459237,0.0005998866361974616,0.006675196649052133,13.350393298104265
198,11371,13353,Solved,5.615023958001984,0.9569545253049002,1.4647472929868925,0.0,0.6087412305459237,0.0,0.0067519363655319875,13.503872731063975
199,11419,11380,Solved,5.622469333000481,0.934567610809915,2.9736413055432274,0.0,0.6088218692040964,0.0005946334211117075,0.006752631392065809,13.505262784131617
200,11430,13024,Solved,5.611586832994362,0.9736399366422822,1.8049402732761493,0.0,0.6087412305459237,0.000600086202927742,0.006667542191098685,13.335084382197369
201,11442,13031,Solved,5.4445450409839395,0.9724759942272942,1.7216313915132884,0.0,0.6088218692040964,0.0005991721660052571,0.006702877005571456,13.405754011142912
202,11605,13354,Solved,5.446419500018237,0.958959727980964,1.2305807841459768,0.0,0.6087412305459237,0.0,0.006723049165383586,13.446098330767173
203,11631,43248,Solved,5.6875560830230825,0.9301764847423757,2.1548436084171434,0.0,0.608660591887751,0.0006014453590159058,0.006713637224926731,13.427274449853462
204,11637,13025,Solved,5.465894125023624,0.97385708154095,1.7646685431488192,0.0,0.6087412305459237,0.0006011460377078949,0.006674079853568624,13.348159707137247
205,11638,13026,Solved,5.557099541998468,0.9742641124122905,1.7109529438085231,0.0,0.6088218692040964,0.000600058821463776,0.006683551861016674,13.367103722033347
206,11639,13028,Solved,5.342010416992707,0.972294203758298,1.7776449687884983,0.0,0.6087412305459237,0.0006000063299921169,0.006679700055157237,13.359400110314473
207,11640,13027,Solved,5.607936624990543,0.9729531375998542,1.757108274257033,0.0,0.6088218692040964,0.0005997117788240769,0.00668597680658514,13.37195361317028
208,12452,16882,Solved,5.454040792013984,0.9777390451072622,3.382298616143472,0.0,0.6088218692040964,0.0006028087341276876,0.0068679706028644955,13.73594120572899
209,12524,16885,Solved,5.5535574999812525,0.9779588651361166,3.1814631773456403,0.0,0.6088218692040964,0.000601132257706649,0.006878406869558809,13.756813739117616
210,12827,31081,Solved,5.666384374984773,0.9527142427949438,1.0824121237745332,0.0,0.6087412305459237,0.0006003640337153675,0.0067166505315935585,13.433301063187118
211,12875,32978,Solved,5.586217459000181,0.899213533393515,1.9600793532681255,0.0,0.6087412305459237,0.0006000283365131261,0.0067546338077820196,13.509267615564038
212,13001,47437,Solved,5.9846213329874445,0.9542055960125038,0.8817447211831435,0.0,0.6087412305459237,0.0006003265686500239,0.00676224888858812,13.52449777717624
213,13015,10114,Solved,6.129170250002062,0.9169784272702476,1.6103871143304165,0.0,0.608660591887751,0.0005994407271604807,0.006718435558002491,13.436871116004982
214,13027,31080,Solved,6.09231995799928,0.9503300130218718,1.1146773051242411,0.0,0.608660591887751,0.0006009485782605865,0.006707528559850575,13.41505711970115
215,13047,49927,Solved,5.974585415999172,0.938211143221476,1.6564303524780248,0.0,0.6088218692040964,0.0,0.006770597543614503,13.541195087229006
216,13087,33033,Solved,5.826842541020596,0.9000329688473486,2.130632338791492,0.0,0.608660591887751,0.0006007769343789058,0.006744107907789974,13.488215815579949
217,13138,49928,Solved,5.730623499985086,0.9310292651943853,1.898040250206194,0.0,0.6088218692040964,0.0006003860656794933,0.006777500983860293,13.555001967720587
218,13264,51374,Solved,5.6217890410043765,0.9286272372456936,1.2657449726995271,0.0,0.6087412305459237,0.0005988150371042526,0.006707804869549462,13.415609739098924
219,13325,51757,Solved,5.681353375024628,0.9473227891896119,0.8532294308038257,0.0,0.6087412305459237,0.0006002885749239886,0.006723694569100786,13.44738913820157
220,13468,32977,Solved,5.5378412079880945,0.9134453675076647,1.6408454956058116,0.0,0.6088218692040964,0.0005991784823789703,0.006762753373073301,13.525506746146602
221,13489,16803,Solved,5.8406724160013255,0.9642646342399163,3.429741409300585,0.0,0.608660591887751,0.000598037452680126,0.006969555094090119,13.939110188180239
222,13493,32976,Solved,5.637766208994435,0.9134999787235147,1.62989711384457,0.0,0.6088218692040964,0.0005991869106144224,0.006766982601131895,13.533965202263788
223,13513,11383,Solved,5.560990458005108,0.951015741610553,2.404052552921205,0.0,0.6087412305459237,0.0005988299294037205,0.0067444759132940105,13.488951826588021
224,13539,11382,Solved,5.613721000001533,0.9404389770876718,2.7847985353404514,0.0,0.6087412305459237,0.0005958833721729273,0.006734634031143449,13.469268062286897
225,13632,11384,Solved,5.881453334004618,0.9495998987707329,2.56087108405749,0.0,0.608660591887751,0.0005992826591685032,0.006733737788836741,13.467475577673481
226,13714,51705,Solved,5.626164584013168,0.953796933154793,0.9775314687082083,0.0,0.6088218692040964,0.0005996527804538752,0.00677854857869643,13.55709715739286
227,13729,32975,Solved,5.649075791996438,0.9142707522991129,1.5314024427949928,0.0,0.6088218692040964,0.0005989330269147603,0.006765804846949594,13.531609693899187
228,13853,16862,Solved,5.931109750003088,0.9685993724901109,3.2455910117351143,0.0,0.6087412305459237,0.0006006360020800076,0.006685650529835424,13.371301059670849
229,13953,21645,Solved,6.030107667000266,0.9523074983741844,1.4468860782984636,0.0,0.6087412305459237,0.0,0.006687960019399866,13.375920038799732
230,14027,44538,Solved,5.9055257919826545,0.9712573866051601,0.9148686584446892,0.0,0.6087412305459237,0.0005998149201358613,0.006685818193812652,13.371636387625305
231,14067,44536,Solved,5.702957333007362,0.9721480367998242,0.7736923687608142,0.0,0.6087412305459237,0.0,0.006665692128733099,13.331384257466196
232,14071,39215,Solved,5.690912124991883,0.9422580933121062,1.3779828426473681,0.0,0.6088218692040964,0.0006019149094365053,0.006827319407017952,13.654638814035904
233,14092,39274,Solved,5.910584541998105,0.93769335309975,1.817449260128963,0.0,0.6088218692040964,0.0,0.006855844830416343,13.711689660832686
234,14106,39268,Solved,5.7879515000095125,0.9468092453812168,1.5764048841943978,0.0,0.6088218692040964,0.0,0.006769489456542461,13.538978913084922
235,14115,39216,Solved,5.6070306669862475,0.9355740621952549,1.4955161501278584,0.0,0.6088218692040964,0.0006022949747787829,0.006769062144802202,13.538124289604403
236,14136,39275,Solved,5.8532170000253245,0.9337978802927045,1.7834267327056195,0.0,0.6088218692040964,0.0006019438244350999,0.0068099983745309334,13.619996749061867
237,14175,34616,Solved,5.455436499993084,0.9455297380515066,0.9915264090876268,0.0,0.608660591887751,0.0,0.00668926578715142,13.37853157430284
238,14177,43251,Solved,5.82689570801449,0.9234426027779095,2.5881703043807014,0.0,0.608660591887751,0.0006016347663188348,0.006692993511576516,13.385987023153032
239,14205,34617,Solved,5.785794041992631,0.9384145061534678,1.1647508507342759,0.0,0.608660591887751,0.0,0.006698108305741136,13.396216611482272
240,14239,43250,Solved,5.3011105000041425,0.9276512599384724,2.1173811594178633,0.0,0.608660591887751,0.0006008206949779102,0.0066919183336909644,13.383836667381928
241,14240,21646,Solved,5.022791208000854,0.9550652880764464,1.6463160496343885,0.0,0.6087412305459237,0.0,0.006688355672965334,13.376711345930667
242,14242,17917,Solved,5.294021625013556,0.949890174419637,1.3628191127941554,0.0,0.608660591887751,0.0006013843136709232,0.006675241291025932,13.350482582051862
243,14297,33034,Solved,5.284547334013041,0.9011099204916381,2.4928512785958072,0.0,0.608660591887751,0.0006010638833094194,0.006715203350224925,13.430406700449849
244,14335,53174,Solved,5.034855458012316,0.9121148946177864,2.324574800375319,0.0,0.608660591887751,0.0006003215546965326,0.00671847521287171,13.436950425743419
245,14355,39273,Solved,5.168287499982398,0.9419881743818248,1.6806687042920936,0.0,0.6088218692040964,0.0,0.006761670906631241,13.52334181326248
246,14369,53173,Solved,5.38834995898651,0.9237662506332367,1.9993650373977436,0.0,0.608660591887751,0.0,0.006711384593825484,13.422769187650967
247,14370,53175,Solved,5.4189764999900945,0.9208020262699063,1.9117503625511323,0.0,0.608660591887751,0.0,0.006674076070388271,13.348152140776541
248,14392,43253,Solved,4.958275207987754,0.9295507067456151,1.944700599034021,0.0,0.608660591887751,0.0006011197600888735,0.006696116284982743,13.392232569965486
249,14408,51706,Solved,5.044248124992009,0.9460306924564522,1.0473323920980202,0.0,0.6088218692040964,0.0005997469674885092,0.006756272575966131,13.512545151932262
250,14412,11385,Solved,5.187200083018979,0.9564791403583748,1.966572317247932,0.0,0.608660591887751,0.0005985950358064481,0.006682020214898564,13.364040429797127
251,14417,39269,Solved,5.191671250009676,0.9445802061197812,1.7604578291416177,0.0,0.6088218692040964,0.0,0.006766460308279697,13.532920616559393
252,14419,44537,Solved,5.085046499996679,0.9656128777110529,1.0667060466238736,0.0,0.6087412305459237,0.0005987727306440096,0.006702652514982363,13.405305029964726
253,14433,43259,Solved,5.300260791002074,0.9362552685411408,1.6236575944216043,0.0,0.608660591887751,0.000600222658810231,0.006679758403916233,13.359516807832465
254,14454,13033,Solved,5.460411457985174,0.9680058369901386,1.9601387205028071,0.0,0.6088218692040964,0.0005989976587749296,0.006738348854077999,13.476697708156
255,14458,17971,Solved,5.486558375007007,0.9416205970428855,1.4047010187636892,0.0,0.608660591887751,0.0,0.006763915557273719,13.527831114547437
256,14461,43510,Solved,5.544187916006194,0.9729607527039483,1.878739154909109,0.0,0.6088218692040964,0.0006013644028043662,0.006696804533105217,13.393609066210434
257,14467,43254,Solved,5.399187542003347,0.9303655414894708,1.8794731829538693,0.0,0.608660591887751,0.0006013918061585153,0.006689903670501253,13.379807341002506
258,14485,32979,Solved,5.275212250009645,0.8900099776546556,2.1183646863902874,0.0,0.6087412305459237,0.0005998904476462105,0.006800519663417454,13.601039326834908
259,14488,43255,Solved,5.467576541006565,0.9304169270056782,1.7766592611073,0.0,0.608660591887751,0.0006019800052282251,0.006689352705463049,13.378705410926099
260,14492,44539,Solved,5.408059457986383,0.9668195585546864,1.0835321144889505,0.0,0.6087412305459237,0.0005985479476641096,0.006697567542961742,13.395135085923483
261,14508,43256,Solved,5.228282666997984,0.9338796093670346,1.7216499126313258,0.0,0.608660591887751,0.0006011669231750582,0.006689177270225988,13.378354540451976
262,14515,43252,Solved,5.42542220800533,0.9265605364672753,2.1221607972011176,0.0,0.608660591887751,0.0006012429196529718,0.006696101024051113,13.392202048102227
263,14516,43258,Solved,5.412723999994341,0.9405511983004144,1.574647320397112,0.0,0.608660591887751,0.0006009416657540525,0.006693463825861615,13.38692765172323
264,14517,43261,Solved,5.279954042023746,0.9365034005633395,1.2967373124576342,0.0,0.608660591887751,0.0006015134281373513,0.006687255459904889,13.374510919809778
265,14524,43257,Solved,5.189286833017832,0.9393783563253736,1.565995280140208,0.0,0.608660591887751,0.0006008713382289634,0.006681230966934935,13.362461933869868
266,14525,43260,Solved,5.383975709002698,0.9346899275895066,1.4047197412086445,0.0,0.608660591887751,0.0006011756339888855,0.006695746563443085,13.39149312688617
267,14532,39271,Solved,5.260732916998677,0.941495832768892,1.7382037091017457,0.0,0.6088218692040964,0.0,0.006775456693052101,13.5509133861042
268,14534,43263,Solved,5.503849041007925,0.9386917299935861,1.2531114340276406,0.0,0.608660591887751,0.0006007446272553792,0.006695012405938448,13.390024811876895
269,14537,44541,Solved,5.2707935420039576,0.9746227593800123,0.95103335208592,0.0,0.6087412305459237,0.0006007701170656837,0.006663707798234637,13.327415596469274
270,14541,39272,Solved,5.208048125001369,0.9402978105838798,1.7077538151543592,0.0,0.6088218692040964,0.0,0.006751200804265641,13.502401608531281
271,14543,43262,Solved,5.136307957989629,0.9364349344650205,1.3378219830319882,0.0,0.608660591887751,0.0006015279425553084,0.006696739636130527,13.393479272261054
272,14545,44540,Solved,4.987228082987713,0.9725184286543839,0.9684941953192348,0.0,0.6087412305459237,0.0,0.006700586833752974,13.401173667505947
273,14593,51373,Solved,5.0186378749785945,0.9222579170171682,1.4526655271002964,0.0,0.608660591887751,0.0005999121838461662,0.006772087644837692,13.544175289675383
274,14602,41924,Solved,4.976456917007454,0.928393731820555,1.9090074315489924,0.0,0.6088218692040964,0.0006008333889045224,0.006827056526007231,13.654113052014461
275,14643,19583,Solved,5.125871332973475,0.946484815306099,1.479138605947385,0.0,0.6087412305459237,0.0006023651145864562,0.006726354902955732,13.452709805911464
276,14644,41925,Solved,5.198212582996348,0.9272147937398402,1.957277454799304,0.0,0.6088218692040964,0.0006021275732851476,0.006795268541209167,13.590537082418335
277,14682,39276,Solved,5.165671958995517,0.9331375939738223,1.7153066609556413,0.0,0.6088218692040964,0.0,0.006804847674897546,13.609695349795091
278,14683,21641,Solved,5.103883667004993,0.9577821206347469,1.4617441733945222,0.0,0.6087412305459237,0.0,0.006691272659790394,13.382545319580787
279,14686,19581,Solved,5.371644291997654,0.9488182048375754,1.5670254415553069,0.0,0.6087412305459237,0.0006019083182665427,0.006760646747119796,13.521293494239591
280,14724,43246,Solved,5.234332416992402,0.9269240538711134,2.265625942911304,0.0,0.608660591887751,0.0006004697543289567,0.006701422385212811,13.402844770425622
281,14726,19582,Solved,5.2943425420089625,0.9537201518800139,1.4266211354480791,0.0,0.6087412305459237,0.0006018864046861183,0.006779651273373484,13.559302546746967
282,14745,43264,Solved,5.06566108300467,0.944123607770153,1.092792433526713,0.0,0.608660591887751,0.0006011601582051316,0.006666132272350126,13.332264544700251
283,14753,31079,Solved,5.1669293330051005,0.9473256252464413,1.152423822536032,0.0,0.608660591887751,0.0006002371938026056,0.006709560193086419,13.419120386172837
284,14781,21651,Solved,5.170993208012078,0.9461042263065607,1.209031798900021,0.0,0.608660591887751,0.0,0.006711044021621127,13.422088043242255
285,14830,43265,Solved,5.250878874998307,0.9530295301637443,0.9394590143972112,0.0,0.608660591887751,0.0006013301417473922,0.00667219801854574,13.34439603709148
286,14839,31078,Solved,5.1393570420041215,0.9450402717771657,1.1798223626990878,0.0,0.608660591887751,0.0006012680037519408,0.006714188651215975,13.428377302431949
287,14852,43245,Solved,5.203604250011267,0.9281955366995643,2.1817912196952096,0.0,0.608660591887751,0.0006020610898265988,0.006699938641911844,13.399877283823686
288,14855,43243,Solved,5.099668291979469,0.937453883683011,1.7587539296777177,0.0,0.608660591887751,0.0006008574476730284,0.006722710171654973,13.445420343309946
289,14867,21649,Solved,5.076432041008957,0.9506811882116674,1.2924953315758865,0.0,0.608660591887751,0.0,0.006680289835316894,13.360579670633786
290,14872,43266,Solved,5.132339083007537,0.9564067087912496,0.9415806952450542,0.0,0.608660591887751,0.0006005065357473805,0.00669067432473496,13.381348649469919
291,14892,47436,Solved,4.99317245799466,0.9453019127647146,0.98321092354086,0.0,0.6087412305459237,0.0006009250002558719,0.006745443772537695,13.490887545075388
292,14900,43244,Solved,5.257839166995836,0.9341483153242269,1.9283352621195908,0.0,0.608660591887751,0.0006020247811951134,0.006739804017899364,13.479608035798726
293,14914,21653,Solved,5.323661166999955,0.9512645436884658,1.008623268779043,0.0,0.608660591887751,0.0,0.006687361039946795,13.37472207989359
294,14936,47091,Solved,5.195396666997112,0.9408747700405264,1.0484257938257582,0.0,0.6088218692040964,0.0005992587318409007,0.006776872345737155,13.553744691474309
295,14941,47435,Solved,5.138978499977384,0.9434195212240388,1.0113566914915408,0.0,0.608660591887751,0.0006018119310111118,0.006733351661886695,13.466703323773391
296,14962,21650,Solved,5.261492542020278,0.947844495922787,1.290593839905204,0.0,0.608660591887751,0.0,0.006673476047151023,13.346952094302047
297,14963,21654,Solved,5.10173004202079,0.9514751626552037,0.9548003415800931,0.0,0.608660591887751,0.0,0.006670946627065629,13.341893254131259
298,14987,47090,Solved,5.411220334004611,0.9424178318600145,0.9755836731226482,0.0,0.6087412305459237,0.0005993690564256801,0.006764615494935086,13.529230989870172
299,14999,21639,Solved,5.251350167003693,0.9646630117455859,1.5153473841060812,0.0,0.6087412305459237,0.0,0.006714717674977861,13.429435349955723
300,15037,47089,Solved,5.130010499997297,0.9438963964359293,0.9423009922431678,0.0,0.6087412305459237,0.0006006305144572466,0.0067825117584030615,13.565023516806122
301,15048,21640,Solved,5.2300692920107394,0.9638759360352303,1.4662065409880454,0.0,0.6087412305459237,0.0,0.006725454605382688,13.450909210765376
302,15058,21655,Solved,5.035122041997965,0.9491925002935802,0.9282545418636219,0.0,0.608660591887751,0.0,0.006705510684276933,13.411021368553866
303,15101,39270,Solved,4.835913624992827,0.9390807597551897,2.003009549997157,0.0,0.6088218692040964,0.0,0.006772789269281081,13.545578538562163
304,15105,21648,Solved,5.0414840419834945,0.9484387860273773,1.4403852312172711,0.0,0.608660591887751,0.0,0.006701284488164015,13.40256897632803
305,15110,21658,Solved,5.145130749995587,0.942521683517039,0.9531691660582966,0.0,0.6087412305459237,0.0,0.0067368878525282325,13.473775705056465
306,15158,21647,Solved,5.4260624579910655,0.9500626641301976,1.529950241325245,0.0,0.608660591887751,0.0,0.006683558369527547,13.367116739055094
307,15161,21652,Solved,5.463532999972813,0.9477685063995135,1.1453541903976536,0.0,0.608660591887751,0.0,0.0067261997538445905,13.45239950768918
308,15165,21656,Solved,5.84720716701122,0.9465574324548313,0.9512783901496226,0.0,0.608660591887751,0.0,0.006719405573493402,13.438811146986804
309,15166,21661,Solved,5.79078166699037,0.9340023215035331,1.1096372468047206,0.0,0.6087412305459237,0.0,0.006717261430024012,13.434522860048023
310,15204,45948,Solved,5.814682958996855,0.06538930927276143,11.071775293529454,0.0,0.6087412305459237,0.0006000769917338283,0.006707468367463175,13.414936734926348
311,15221,21657,Solved,6.149122041999362,0.9438046955050847,0.9460801881421681,0.0,0.608660591887751,0.0,0.006704202603499769,13.408405206999538
312,15224,21659,Solved,5.647104041010607,0.9388939290634973,1.0015623154142106,0.0,0.6087412305459237,0.0,0.006759711489337443,13.519422978674886
313,15225,21662,Solved,5.6436777919880114,0.9296489262797432,1.1587034022646088,0.0,0.6087412305459237,0.0,0.006761290543607037,13.522581087214073
314,15287,47130,Solved,5.339122292003594,0.9470758525793442,1.701196299516616,0.0,0.608660591887751,0.0006019726465342123,0.006699659590768419,13.399319181536837
315,15291,21660,Solved,5.2624600419949275,0.9363712507636127,1.0214524225423962,0.0,0.6087412305459237,0.0,0.0067365520848655,13.473104169730998
316,15360,21663,Solved,4.682120332989143,0.9323584618699101,1.0609455602163687,0.0,0.6087412305459237,0.0,0.00674100508637386,13.482010172747719
317,15478,21664,Solved,4.720521417009877,0.9312736185471155,1.0034112548914147,0.0,0.6087412305459237,0.0,0.006748954549640684,13.497909099281367
318,15522,20013,Solved,4.54649233300006,0.937474942148937,1.4956358268065821,0.0,0.6088218692040964,0.0006007164704450701,0.006774840473358096,13.54968094671619
319,15524,47129,Solved,4.623136749985861,0.9457313504282236,1.9224281012371351,0.0,0.608660591887751,0.0005998153343817711,0.006703212505391454,13.406425010782906
320,15525,47132,Solved,4.871851042000344,0.9511422270910542,1.358251988231161,0.0,0.608660591887751,0.0006009254541719211,0.006687653243110309,13.375306486220618
321,15605,29465,Solved,4.916336750000482,0.93410952847678,1.5197672580132815,0.0,0.6087412305459237,0.0006002939240139182,0.006790016956604444,13.580033913208888
322,15611,29467,Solved,4.918028791988036,0.9398567765666465,1.4511739790851443,0.0,0.6088218692040964,0.0005995028949777467,0.006755242943370784,13.510485886741568
323,15613,29470,Solved,4.894105833984213,0.9323280052088666,1.7939534070081826,0.0,0.6087412305459237,0.0005999259199715862,0.006733929907268402,13.467859814536803
324,15614,29468,Solved,4.869673582987161,0.936906408150567,1.5536451324331435,0.0,0.6088218692040964,0.000599794081855993,0.006752659906927808,13.505319813855616
325,15615,29469,Solved,4.960264791006921,0.9360969470631725,1.5955674203476296,0.0,0.6088218692040964,0.0005998475901371221,0.006757102385127155,13.514204770254311
326,15652,29466,Solved,5.007435750012519,0.9377044517172499,1.4801219978769808,0.0,0.6088218692040964,0.0005998809547103876,0.006774197448620011,13.548394897240023
327,15685,21666,Solved,5.142116290982813,0.9289553087637415,1.081557405380264,0.0,0.6088218692040964,0.0,0.006746621131359355,13.493242262718711
328,15719,20018,Solved,5.305177749978611,0.9551056202305587,1.0098868100942267,0.0,0.6088218692040964,0.0006003051908423421,0.006735196878805586,13.470393757611172
329,15720,17220,Solved,5.190209833002882,0.9312908331275752,1.5762692068626982,0.0,0.6088218692040964,0.0006008832069840854,0.006833419880895947,13.666839761791893
330,15723,22152,Solved,5.247226374980528,0.9529478014821349,0.6519837842747486,0.0,0.6087412305459237,0.0005998681023123756,0.0067274245315932305,13.45484906318646
331,15732,21665,Solved,5.142394458001945,0.9321164119127907,0.9917424975531014,0.0,0.6088218692040964,0.0,0.006741300984653444,13.482601969306888
332,15821,22153,Solved,5.742557707999367,0.9563760618038833,0.6113599730982033,0.0,0.6088218692040964,0.00059887323753095,0.006725791109088847,13.451582218177695
333,15863,47128,Solved,5.772011749999365,0.9422105583061021,2.3017639216915233,0.0,0.608660591887751,0.0005999079282425094,0.0067110995454224415,13.422199090844883
334,15912,22155,Solved,5.640492334001465,0.9524187094975124,0.7418857202266582,0.0,0.6088218692040964,0.0006003038815226584,0.006739765571026913,13.479531142053826
335,15957,22154,Solved,5.688884709001286,0.9559537381769502,0.6514467092204783,0.0,0.6088218692040964,0.0006002257018600732,0.00673408877158881,13.468177543177621
336,15999,20014,Solved,5.885837959009223,0.9409385062326792,1.3765337542140899,0.0,0.6088218692040964,0.000599930139300188,0.006753608731385629,13.507217462771257
337,16129,47133,Solved,6.110848417010857,0.9538099813040137,1.2170844237390153,0.0,0.608660591887751,0.0006002674584811959,0.006699825763924417,13.399651527848834
338,16130,47134,Solved,6.501566125021782,0.9552595701263455,1.1478432621941363,0.0,0.608660591887751,0.0006008928142771239,0.006679554666452898,13.359109332905795
339,16131,47135,Solved,6.401513541990425,0.9542265395317974,1.119561285960331,0.0,0.608660591887751,0.0005999914295658483,0.006676479875372047,13.352959750744095
340,16132,20015,Solved,5.934475499991095,0.9453997272940061,1.2472182622187238,0.0,0.6088218692040964,0.0,0.0067606236460394575,13.521247292078915
341,16242,20017,Solved,5.806822207989171,0.9540845480872121,1.014909835611394,0.0,0.6088218692040964,0.0006004451496358683,0.006727909793976909,13.455819587953817
342,16268,47434,Solved,5.429204459011089,0.94440481537793,0.818782087138381,0.0,0.6087412305459237,0.0006002326595511473,0.006749168994834873,13.498337989669746
343,16272,47136,Solved,5.44747029201244,0.9541958478554845,1.0499000260445703,0.0,0.608660591887751,0.0005997763582058563,0.006696546091017865,13.393092182035732
344,16273,47137,Solved,5.1969698749890085,0.9556282996792786,0.9899241133468785,0.0,0.608660591887751,0.0,0.006669654353291506,13.339308706583012
345,16274,47138,Solved,5.307813166989945,0.9583141723018952,0.9107459782142615,0.0,0.6087412305459237,0.0,0.006675222703268441,13.35044540653688
346,16275,47139,Solved,5.203344042005483,0.9606301566009848,0.8611705858011314,0.0,0.6087412305459237,0.0006005739923337828,0.006683031951168379,13.366063902336759
347,16308,20016,Solved,5.196039667003788,0.9487967138195813,1.1319605666665806,0.0,0.6088218692040964,0.0005999654950662665,0.0067813927818224035,13.562785563644807
348,16314,47083,Solved,5.11323737501516,0.9390966833311086,1.0147236640675947,0.0,0.6087412305459237,0.0005997540509697287,0.006724553713367131,13.449107426734262
349,16315,47084,Solved,5.0537464580265805,0.9428893536406029,0.9030805336780064,0.0,0.6087412305459237,0.0006009130867992283,0.006725219398337734,13.450438796675467
350,16326,47140,Solved,4.990368875005515,0.9652527233279475,0.7696821458482197,0.0,0.6087412305459237,0.0005997401401110796,0.006692810696870834,13.385621393741667
351,16327,47433,Solved,5.01323254199815,0.949767143027642,0.7299422386690002,0.0,0.6087412305459237,0.0005995938188699889,0.006718558053597443,13.437116107194885
352,16335,47085,Solved,5.112885500013363,0.9403828133582985,0.8871510158518001,0.0,0.6087412305459237,0.0005992886692992661,0.006710066445134341,13.42013289026868
353,16357,47432,Solved,5.028820457984693,0.947875426972722,0.7451926915281866,0.0,0.6087412305459237,0.0005983346311123511,0.006722998668836507,13.445997337673015
354,17246,49922,Solved,5.011887708998984,0.9354815736092098,1.2321963953550295,0.0,0.6088218692040964,0.0006005621326074698,0.006730837636110866,13.461675272221733
355,17247,49923,Solved,5.0668486669892445,0.9359781655978064,1.2746923362307883,0.0,0.6088218692040964,0.0006008219543230688,0.006750622186671558,13.501244373343114
