display_order,cohort_index,exposure,mjd,filename,filename_20a
1,5,3920,60184,01_exp3920_full_lvm.png,01_exp3920_20a.png
2,95,41932,60833,02_exp41932_full_lvm.png,02_exp41932_20a.png
3,239,34617,60723,03_exp34617_full_lvm.png,03_exp34617_20a.png
4,228,16862,60424,04_exp16862_full_lvm.png,04_exp16862_20a.png
5,327,21666,60509,05_exp21666_full_lvm.png,05_exp21666_20a.png
6,230,44538,60893,06_exp44538_full_lvm.png,06_exp44538_20a.png
7,221,16803,60423,07_exp16803_full_lvm.png,07_exp16803_20a.png
8,212,47437,60958,08_exp47437_full_lvm.png,08_exp47437_20a.png
9,321,29465,60626,09_exp29465_full_lvm.png,09_exp29465_20a.png
10,72,8241,60273,10_exp8241_full_lvm.png,10_exp8241_20a.png
11,181,11381,60337,11_exp11381_full_lvm.png,11_exp11381_20a.png
12,63,47141,60952,12_exp47141_full_lvm.png,12_exp47141_20a.png
13,286,31078,60656,13_exp31078_full_lvm.png,13_exp31078_20a.png
14,288,43243,60863,14_exp43243_full_lvm.png,14_exp43243_20a.png
15,136,34563,60722,15_exp34563_full_lvm.png,15_exp34563_20a.png
16,355,49923,61011,16_exp49923_full_lvm.png,16_exp49923_20a.png
17,306,21647,60509,17_exp21647_full_lvm.png,17_exp21647_20a.png
18,175,37537,60752,18_exp37537_full_lvm.png,18_exp37537_20a.png
19,307,21652,60509,19_exp21652_full_lvm.png,19_exp21652_20a.png
20,139,44863,60899,20_exp44863_full_lvm.png,20_exp44863_20a.png
