exposure,stack_row,mjd,fold,sky_far_label,target_airmass,moon_fli,moon_altitude_deg,moon_separation_deg,signed_phase_deg,e50_b,e90_b,bias_b,e50_r,e90_r,bias_r,e50_z,e90_z,bias_z
3897,91,60184,0,SkyE,1.0568519594519235,0.8689,87.5266,21.347,42.477298133526915,0.044991859705357004,0.11656950104626855,-0.012491645158737776,0.10938046833281145,0.1404415219905655,-0.10938046833281145,0.09512191411388593,0.18992378157404266,0.0873811469344255
3898,92,60184,0,SkyE,1.0528073026732463,0.8695,85.2818,21.35,42.32137098179669,0.04312978537104227,0.12979703584943758,-0.03756730172835812,0.12070958867746227,0.14743801681991592,-0.12070958867746227,0.07710236827370949,0.17190634900356427,0.06545453758980697
3912,106,60184,0,SkyW,1.0422492246192578,0.8738,60.7535,27.7404,41.20934216009755,0.10614370145286824,0.16005476004471483,0.10529580685694266,0.044111086872155494,0.07928769498367746,-0.044111086872155494,0.03670392464839573,0.10341961485238815,0.02069758156066812
3913,107,60184,0,SkyW,1.0498723012124895,0.8744,57.2659,27.6962,41.0530117333945,0.12470213140672513,0.19317034778566702,0.12068468619426927,0.02664493159428822,0.07225077379978077,-0.022553949160816218,0.052226918419475764,0.1152274336088445,0.042383473693501345
3916,110,60184,0,SkyE,1.0352942957506344,0.8766,46.1685,52.8053,40.55243106662451,0.053708694949577244,0.10977931310954941,0.042590513925000954,0.0631011124031455,0.1317563683567938,0.06257277718493505,0.09653670263617693,0.1406932227742279,0.09103817625243522
3920,113,60184,0,SkyW,1.0046325286014945,0.8795,32.8183,56.1494,39.94064697201918,0.06507884519348003,0.11827441423668723,0.0582749798922272,0.06808435262397065,0.13323332992776302,0.06749691136678776,0.08347796201841243,0.13390330857877644,0.08029230496755885
3921,114,60184,0,SkyW,1.0063812166380803,0.8803,29.454,56.0455,39.78419108913573,0.0837502404296908,0.13025512776267972,0.07743362374169047,0.07469116315530254,0.13548756899738873,0.07426960757669726,0.08028602063887469,0.13514816628477624,0.07728891609438063
3922,115,60184,0,SkyE,1.0145533368213893,0.8814,25.0206,55.9025,39.57625472248736,0.09233774390749855,0.14144305758033285,0.085392608994737,0.07390095728817463,0.13585106472475628,0.07350813964694985,0.05863220427175789,0.10361546864447199,0.0511794896885803
3923,116,60184,0,SkyE,1.0252463495728616,0.8823,21.7142,55.7909,39.41968505785675,0.10807428949714652,0.15848864868635007,0.10290823578212785,0.08321003681025772,0.1303586462400563,0.08280707158535633,0.046543849614187074,0.10284406104023926,0.03528503215113401
3970,124,60185,0,SkyW,1.0415420441805407,0.9447,61.8042,38.054,26.8402861614467,0.06032170945525828,0.11007717626041358,0.050144778269053926,0.05017831510945462,0.0977948517896146,0.0500534342336114,0.14430463248370898,0.2103253555773394,0.14430463248370898
3971,125,60185,0,SkyW,1.0337533912839023,0.9452,58.3172,37.9371,26.681764537794663,0.07621170547150773,0.12145055706506165,0.0690109148461394,0.04543004214894192,0.10019308034061687,0.04524714226524093,0.1315319094159229,0.20220778711565188,0.13144465517895737
3972,126,60185,0,SkyW,1.030631830383548,0.9457,54.8218,37.8179,26.52313925549302,0.06924609992568101,0.12032812228143437,0.05941396835775915,0.03459700304806912,0.08825415198331812,0.03437374640953902,0.12164382991180253,0.1944676460801982,0.12088430031066331
3977,130,60186,1,SkyE,1.1686659487575515,0.9829,37.8653,34.4855,15.777150332428846,0.03672911011516406,0.10723810978095313,-0.016518328818610616,0.1309519301157499,0.20743480008910387,-0.1309519301157499,0.1868127320018673,0.2153730363881247,-0.1868127320018673
3978,131,60186,1,SkyE,1.1396085601691432,0.9832,41.3244,34.5876,15.619815931488603,0.03378014249684755,0.11103590193912476,-0.022756705281217704,0.12827181508188065,0.18913191462843124,-0.12827181508188065,0.16017172783576528,0.1952310793178078,-0.16017172783576528
3979,132,60186,1,SkyE,1.1152802286033736,0.9834,44.787,34.6891,15.462496599824988,0.04051031834696924,0.11857287040032945,-0.03715366135607809,0.1281832040565098,0.1878686335760885,-0.1281832040565098,0.15411692787078735,0.1880945297401992,-0.15411692787078735
3983,135,60186,1,SkyW,1.0545696851139243,0.9846,61.0546,35.167,14.71656345287596,0.05097200608773943,0.09657997645112824,0.029340425205437618,0.10255841456590689,0.1593591291484779,-0.10255841456590689,0.12640685826552459,0.16609718294019557,-0.12619053401589586
3984,136,60186,1,SkyE,1.05204299855721,0.9848,64.6189,35.2755,14.547560863832956,0.06670795016952841,0.11693238183374055,0.011516229366217075,0.10306961384611091,0.17088108269715965,-0.10306961384611091,0.13002685298330624,0.16258700783672034,-0.13002066671240822
3985,137,60186,1,SkyE,1.053227876712191,0.9851,67.8227,35.3766,14.390981680255976,0.06178619336914464,0.11489011737631134,0.009957623930117109,0.10037898662163347,0.16539320741014812,-0.10037898662163347,0.1260513511375181,0.15856253269833845,-0.12580391531183518
3986,138,60186,1,SkyE,1.0578227777293234,0.9853,70.8733,35.4782,14.234532045357781,0.15209961390045587,0.31271740890579447,0.15197426595101202,0.01850747231632826,0.14036239560097385,-0.009036364184386327,0.11088528013337125,0.1442687747348459,-0.11078131247648174
3987,139,60186,1,SkyE,1.0658897835563168,0.9855,73.6785,35.5804,14.0782634075089,0.147375103471025,0.4145864466161759,0.14706120681561236,0.09689602974495416,0.15790736344990286,-0.09689602974495416,0.10936874729694722,0.14625305439787295,-0.10934265942901435
3989,141,60186,1,SkyW,1.0382067965134716,0.9858,76.5379,26.981,13.887913656990094,0.05114538287754394,0.16493970692930243,-0.03427016114320462,0.16704524617062322,0.21402811341746292,-0.16704524617062322,0.10568477383737918,0.18829874955468037,-0.10535063434295491
3991,143,60186,1,SkyE,1.0377560805039203,0.986,78.2915,27.0718,13.70639370063759,0.05177868518879507,0.18321379397310322,-0.037511169724615066,0.16136792280771994,0.2005245029447859,-0.16136792280771994,0.10587493930478992,0.1825699188126832,-0.10581160784305293
4105,160,60187,0,SkyE,1.0542584762698293,0.9988,70.8838,37.5168,-4.119891926199784,0.04918474503476498,0.09933400387644038,0.03384970274489201,0.012584620302052374,0.057978519134601614,0.006378086681276157,0.10312718447010859,0.16052347959523303,0.10182010617969696
4106,161,60187,0,SkyE,1.0671398034504795,0.9988,71.8581,37.6243,-4.182351142645672,0.06073777232445744,0.11766847454313856,0.04774743925215302,0.022533958633306535,0.07496694327099143,0.022425150646170094,0.10816974409394867,0.16231769945652855,0.10816974409394867
4107,162,60187,0,SkyE,1.0839468609539933,0.9988,72.0856,37.7326,-4.250139466096243,0.06942447724024878,0.12534250475776804,0.05911218808072831,0.023816260964263432,0.07520092951600338,0.023510573239256337,0.11969960339504836,0.17986538977841168,0.11969960339504836
4108,163,60187,0,SkyE,1.3136074551881156,0.9987,70.8991,49.5001,-4.366564110388026,0.10448425529345556,0.15642968225244555,0.1013731658071972,0.05799755075472292,0.11152810850679282,0.05786849902787282,0.16802729367485766,0.25647340571455146,0.16802729367485766
4114,166,60187,0,SkyW,1.009951783301419,0.9986,54.5991,38.2805,-4.946655967074435,0.03648849767181032,0.08221471040791195,0.008522351732333644,0.026766243600060906,0.05605186747099974,-0.024001405821266655,0.04259919072339931,0.09504249465449015,0.03639135415445231
4115,167,60187,0,SkyE,1.006155780131165,0.9985,51.1873,38.2161,-5.055495662488937,0.07009492305683078,0.1262994775332396,0.06428868810547594,0.01940247342117921,0.05618796512161039,-0.011422625495499926,0.04084442019391461,0.10981685215025111,0.03501925348596223
4116,168,60187,0,SkyE,1.0068177253161141,0.9985,47.8441,38.1525,-5.16286692797749,0.07173808536816438,0.12860966065146429,0.06453775493194153,0.017793357805773232,0.06250342147454678,-0.006735132041857218,0.04021186955204871,0.10237723669166976,0.02551533760366688
4117,169,60187,0,SkyE,1.011702037614789,0.9985,44.4472,38.0869,-5.273052867307882,0.07095896426780308,0.13864765394293013,0.06385102446280493,0.018997706525215544,0.06251878405220618,-0.007293144968039529,0.030894506779406923,0.07219160738530386,0.011323209083061378
4119,171,60187,0,SkyW,1.0359730735908377,0.9984,37.2554,37.9425,-5.510839246958284,0.05704601766238818,0.12375108929645005,0.048481422777030034,0.03215865187782328,0.10134463721087988,-0.03215865187782328,0.04286407975848584,0.0871785072941264,-0.03547858878927633
4120,172,60187,0,SkyE,1.0558181784987788,0.9983,33.6181,37.8661,-5.633685545477931,0.035237071847519445,0.08082854219219301,0.013549206082738102,0.043542388599010474,0.0985712087177851,-0.043542388599010474,0.06831126248524358,0.10742450983559138,-0.06744105276439477
4161,185,60188,4,SkyE,1.044634668018847,0.9798,55.353,49.9997,-15.970258223897503,0.21124473585315348,0.43367558314439963,-0.21124473585315348,0.09702658357512223,0.15843813937603313,-0.09702658357512223,0.04505086699081113,0.14451370787423382,0.00883089303409469
4162,186,60188,4,SkyE,1.0535779388626454,0.9796,57.8469,50.1168,-16.126136014398327,0.22777295712857545,0.4080962931537709,-0.22777295712857545,0.15013738050472364,0.19589454250703395,-0.15013738050472364,0.04334303648626005,0.11712380104767556,0.010349183423859222
4163,187,60188,4,SkyE,1.0662231555840018,0.9793,60.0673,50.2334,-16.28202346706155,0.218526053901497,0.38342665169214435,-0.218526053901497,0.06236159622426535,0.11051614670652739,-0.06236159622426535,0.039466577866282715,0.09998278155254135,0.018093225292649225
4165,189,60188,4,SkyW,1.0189815747613145,0.9786,64.4104,31.0259,-16.753770684689925,0.03194134428531803,0.11433371826986859,-0.01748224985785307,0.1350758599742215,0.18118766920336035,-0.1350758599742215,0.11959493760767917,0.1711091103492462,-0.11959493760767917
4166,190,60188,4,SkyW,1.0104125520319054,0.9783,64.8303,31.0916,-16.90997047822674,0.04092517829221166,0.11824517105183395,-0.005426180000322602,0.12532673420429935,0.18347765224127915,-0.12532673420429935,0.11489139766725717,0.1594815578197766,-0.11489139766725717
5584,549,60214,2,SkyW,1.0519836645328813,0.9195,63.5594,31.2356,33.40426176566203,0.08235600046898878,0.16354880297165095,0.07645414727400321,0.07557966177124448,0.134273139472482,-0.07557966177124448,0.08453576168970008,0.14205411745290428,-0.08356007896030365
5585,550,60214,2,SkyW,1.0436254745610234,0.92,66.5565,31.3259,33.246178451638855,0.056383303587504326,0.11573966669047492,0.04373511150553677,0.08942299389891697,0.1356555205215787,-0.08942299389891697,0.09693273704353297,0.14835149238607145,-0.09693273704353297
5588,553,60214,2,SkyE,1.0377952675400939,0.9207,70.4054,31.4549,33.02262634283912,0.04637016712391559,0.10906674533071323,0.0001231819346429291,0.11582680073840773,0.16340843296219373,-0.11582680073840773,0.11864617332059221,0.1645155973975769,-0.11864617332059221
4112,1105,60187,0,SkyE,1.0070691173887623,0.9987,61.0519,29.6446,-4.740071071223923,0.06236533085354825,0.12329367055575222,0.04802491141406766,0.08061891310411898,0.12794685627573574,-0.08061891310411898,0.0539787363701386,0.11322101731108325,0.011316582175884327
5669,1111,60215,1,SkyW,1.0069006092916957,0.9774,62.9995,29.5254,17.24356209107006,0.07215163768972326,0.11884940412319972,0.01517085988213359,0.12551691174239768,0.19441945542367162,-0.12551691174239768,0.11403463986076834,0.17238433411572804,-0.11403463986076834
4110,1116,60187,0,SkyE,1.0066786632187037,0.9987,66.9312,29.6136,-4.540102390705954,0.0523155781817126,0.10255300541434795,0.03518010255392551,0.07284050742697334,0.11002862018674148,-0.07284050742697334,0.048367144371805795,0.10344207901539076,0.029124683956790094
5667,1117,60215,1,SkyW,1.0062214833052838,0.9768,66.9058,29.4403,17.565590678142996,0.0653023429510821,0.10694556238708416,0.02551219990694292,0.11659014818189356,0.16742484429295418,-0.11659014818189356,0.06702737580635972,0.1367023381048422,-0.06488188087468118
4111,1118,60187,0,SkyW,1.0046405049517912,0.9987,64.0811,29.6293,-4.640025479475213,0.05504404821487375,0.10503035622757009,0.03743795737212271,0.08962112311712961,0.11784781165476961,-0.08962112311712961,0.05055558833274596,0.10997925285293182,0.020037144369610068
5668,1119,60215,1,SkyE,1.004647553435175,0.9771,65.1687,29.4826,17.404487671365075,0.05229430899107499,0.11712356222149922,0.003951751773777166,0.13158911066728068,0.18730052564744523,-0.13158911066728068,0.10521316626078234,0.16577256667046872,-0.10521316626078234
5666,1120,60215,1,SkyW,1.012047024207354,0.9765,68.1502,29.3967,17.735141876062755,0.04411753952446918,0.09390820538348679,0.011508965181550949,0.10483630334803096,0.14538188440562058,-0.10483630334803096,0.06123790265750035,0.12125134144693267,-0.05923218553518991
5551,1130,60213,2,SkyE,1.0411365647482702,0.8419,80.8665,23.886,47.00431750698016,0.09004263118153186,0.1441324201165334,0.08196809577125916,0.03720332567862653,0.09209006268010393,0.03620852175960331,0.19191055600336443,0.2927381415229427,0.1901822269354372
5674,4993,60215,1,SkyE,1.0122830650722099,0.9789,47.8075,33.8104,16.40798466751997,0.04705730405975053,0.13405902722376267,-0.045751625938344476,0.11991740893035863,0.17655658614425668,-0.11991740893035863,0.1073395504119144,0.15156246266769574,-0.1073395504119144
49925,5026,61011,0,SkyW,1.086450562440576,0.8783,45.6933,54.454,41.00777029841905,0.029207674890186476,0.19732045475904691,-0.0100743997748649,0.03346406470976112,0.08589426989097307,0.0298206891982613,0.054423612162960155,0.16436516280205649,-0.0003520334336171847
5675,5226,60215,1,SkyW,1.022993850440881,0.9793,44.2008,33.7607,16.23351820151541,0.06340795560701919,0.1426170932477025,-0.06340795560701919,0.10967181826535592,0.18126830509710004,-0.10967181826535592,0.10867239635394178,0.14944160769529,-0.10867239635394178
5676,5252,60215,1,SkyE,1.0380511091064637,0.9796,40.7416,33.7118,16.069449599425212,0.033288661380075545,0.1022674542359445,-0.02497307498637423,0.09981993893414201,0.15715628221896577,-0.09981993893414201,0.09024645245670329,0.14484101916751346,-0.09024645245670329
49926,5259,61011,0,SkyE,1.1166816315549979,0.8789,45.1966,54.5559,40.850257261954084,0.03135055925158326,0.23849006675652368,-0.02120952421115145,0.06230791589567462,0.11770543409194044,0.06080784847941504,0.05544260022260007,0.1285510046880489,0.019479147602941185
5677,5280,60215,1,SkyW,1.0605753918271574,0.98,36.8844,33.6554,15.889212971035846,0.03984092153339704,0.0954500285359385,-0.0036717602261404445,0.0890131975524423,0.1698669958620242,-0.0890131975524423,0.10202496103931971,0.14782787110785245,-0.10202496103931971
5678,5317,60215,1,SkyE,1.086110342023733,0.9803,33.4474,33.6032,15.730358748412158,0.04879650573268802,0.10840722187051645,0.02810111211459544,0.08099708324984914,0.15621537993087045,-0.08099708324984914,0.08919634384681395,0.15196349483322993,-0.08906799793123392
5679,5369,60215,1,SkyE,1.1175070761297676,0.9806,29.9916,33.5486,15.571843983145214,0.05207470132093799,0.1138901188776466,0.03096057781343249,0.08251121964184635,0.1658025208419629,-0.08251121964184635,0.11696304780041128,0.1693271401062627,-0.11626205519107514
8242,5438,60273,0,SkyE,1.0354441398545562,0.9388,46.4545,38.2442,28.772374703699,0.029387998308697552,0.13703324763893499,-0.01902273979166373,0.027803807137996243,0.05593254874616857,-0.020306061128483727,0.02794223794744763,0.08435439982377914,0.004445773844217803
8244,5541,60273,0,SkyW,1.0805094227323544,0.9396,44.6254,38.4216,28.466403601019636,0.12893274941182223,0.24914350254978967,-0.12893274941182223,0.30126278153370173,0.427164650284343,-0.30126278153370173,0.4937974859235823,0.5400506193885966,-0.4937974859235823
8245,5565,60273,0,SkyW,1.1112781906162927,0.94,43.2529,38.5067,28.31759065160489,0.10739236062721051,0.21733566003853702,-0.10739236062721051,0.23697476341795096,0.3495320418158535,-0.23697476341795096,0.39619885853023096,0.4329208115407342,-0.39619885853023096
8246,5586,60273,0,SkyW,1.1495058182070592,0.9403,41.5689,38.5927,28.16627994977307,0.05940713582346175,0.11210935853456593,0.04958127874462107,0.01976796106891318,0.04853118032901195,-0.012703264140678638,0.02601713169105472,0.06780115757579384,0.00012101815968427397
8243,5607,60273,0,SkyW,1.0562369153486626,0.9392,45.6693,38.3377,28.61184748263767,0.13247263933685094,0.24734881772270217,-0.13247263933685094,0.27396336249640585,0.3983162509081835,-0.27396336249640585,0.4549231227495167,0.5066782226150112,-0.4549231227495167
5670,5691,60215,1,SkyE,1.0140228132087439,0.9777,60.1714,29.5738,17.063198727928068,0.08418841953591104,0.1698179954325696,-0.08418841953591104,0.18072058982174016,0.23229618256594872,-0.18072058982174016,0.16244057585569768,0.2074298023296406,-0.16244057585569768
47086,5693,60951,4,SkyE,1.0154959392546121,0.8025,41.2656,56.8961,52.301526278105285,0.04017961254753987,0.23327218580232253,-0.039715486073783945,0.035434161445608264,0.0814535753113315,0.0021642295608323547,0.0418899138869491,0.10300683891523306,0.019204447648188218
47141,5694,60952,4,SkyE,1.0150442874122945,0.8827,49.7303,46.6761,39.702191947453144,0.03365318188410961,0.19694152483143526,-0.032723927675595794,0.022408608992185455,0.07027470631731302,0.01472379254182539,0.06929650725563463,0.1221419107062689,0.06870652304784954
47087,5728,60951,4,SkyE,1.0085390917563324,0.8033,37.6939,56.813,52.15845200252113,0.0375162543955288,0.24021426704717264,-0.03719876356655605,0.03608950342720134,0.09369054862108041,0.010883559874317097,0.046305522543264754,0.11635892590400951,0.030855512269645814
47142,5729,60952,4,SkyW,1.008152087503303,0.8834,46.1384,46.6088,39.54875597381354,0.06706327477800308,0.2232556463091767,-0.06706327477800308,0.022485571888634516,0.05301282540904375,0.0035056559018116717,0.046143156252017245,0.1040083958781342,0.0421669770450118
5671,5739,60215,1,SkyW,1.0095644715756538,0.978,57.2442,33.9392,16.89469594847091,0.05800969580065961,0.1294884533414286,-0.05800969580065961,0.12914731827525383,0.18990399151555845,-0.12914731827525383,0.1436847241697502,0.18390795019951844,-0.1436847241697502
5672,5789,60215,1,SkyE,1.0061078426717802,0.9783,54.2575,33.898,16.733828582464923,0.0746768269076419,0.15555905170809609,-0.0746768269076419,0.14463482394836297,0.19756542719529926,-0.14463482394836297,0.14405239368953032,0.18458533346447886,-0.14405239368953032
8239,5820,60273,0,SkyW,1.0061284884711104,0.9375,46.2844,37.948,29.26882351682457,0.031212006151511946,0.1301496382103822,-0.021776109022827797,0.018978470587647404,0.056859066968148415,-0.006854792711043455,0.03623287591201887,0.09753167497513847,0.016809453628311332
5673,5827,60215,1,SkyE,1.006961163635787,0.9786,51.1116,33.8553,16.572094265092204,0.07267505565003388,0.145170833975668,-0.07267505565003388,0.12496356972512956,0.17481441605990106,-0.12496356972512956,0.11538961287339793,0.15314290516892007,-0.11538961287339793
49924,5843,61011,0,SkyW,1.0623644715436273,0.8778,45.8467,54.3547,41.16010069503196,0.03864247614350712,0.21106174940567515,-0.03426809462455112,0.02112523851003978,0.06636859054979923,0.00571216982896898,0.04010472009857251,0.17167012927801104,-0.030542316222479583
8240,5861,60273,0,SkyE,1.0102986294579621,0.938,46.7796,38.0472,29.10470174592689,0.034452076680336625,0.16160322950604117,-0.03377711330126309,0.030036160225025935,0.05526091767378312,-0.02482474315430204,0.02915874157679518,0.08812161449709666,0.0037574937905538227
8241,5879,60273,0,SkyW,1.0199918999847215,0.9384,46.84,38.1463,28.938528271390425,0.02977140397243812,0.14807805472576258,-0.02071323660230196,0.026591610073127846,0.05292411418438692,-0.022478861933657383,0.027811760612414485,0.09036973955187545,0.0037699388809098147
9746,5912,60301,4,SkyW,1.1476596823608964,0.8367,41.0517,44.8871,47.71567174569091,0.0775115193086622,0.13075278305729024,0.06715786257024157,0.10078072480258546,0.15413996642273028,0.10050988308295675,0.08665776928702984,0.15306749091120417,0.0655343924597493
10113,5921,60309,4,SkyE,1.6760869021538354,0.8316,43.4491,35.6317,-48.693711311741055,0.04059973185323951,0.11038996764508685,-0.03772023041624663,0.09589990318008011,0.1235421720084726,-0.09589990318008011,0.09848504292946017,0.16118780011964087,-0.09794156971098394
9743,5923,60301,4,SkyE,1.0519810688640618,0.835,42.9631,44.6095,48.16807771474038,0.043165228625629354,0.1580389382709136,0.018245721686984545,0.08159299285191207,0.14646852533474394,0.08059200965993613,0.09404688815198556,0.16046264294491505,0.04967102096072729
9744,5937,60301,4,SkyW,1.0788841023397238,0.8356,42.6454,44.7091,48.00769732893508,0.06255482141196515,0.12407693822238441,0.04434189865521694,0.11462349105353248,0.1777441139583923,0.11440451570466428,0.09718275068609424,0.1601074961699454,0.0738688280991564
9745,5949,60301,4,SkyW,1.1098290371003745,0.8362,42.0072,44.7987,47.86157223746713,0.05713783226939159,0.11100314180639476,0.04490859104438004,0.10336726400668118,0.16467695418668532,0.10262934279295893,0.10145397997952915,0.1633679344290761,0.06984648790209885
37539,5971,60752,0,SkyE,1.8739028018575703,0.8604,79.3457,47.4892,-44.152681608863844,0.07015115209941211,0.14698675901025282,0.057108133617566906,0.08227994074795944,0.1191010706766026,-0.08227994074795944,0.0587116586780198,0.12411800362036157,-0.049454945010353524
47131,5977,60952,4,SkyW,1.4117738747701047,0.8772,73.7397,47.2429,41.168184239443775,0.042260388081888485,0.10589622502911519,0.02784627406538533,0.037064929773088555,0.10137971963354411,0.035762649844638214,0.066412869339149,0.13073481413537266,0.06453594831055526
22151,5999,60516,1,SkyW,1.0582479450974505,0.8029,57.3314,51.6678,-52.44123457002641,0.048448815632649356,0.11222537620417404,0.035581377790072234,0.03454160990188541,0.08993984442581379,0.02569033036837997,0.057247078667580484,0.1108046583941459,0.05159367185456841
44865,6044,60899,2,SkyW,1.056738822776919,0.8952,54.298,54.4453,-37.444258231454796,0.056822643565896905,0.18900442005722085,-0.056822643565896905,0.08256736977992649,0.12704128520799082,-0.08256736977992649,0.08645113310872532,0.13857668105815615,-0.08579183718923068
37540,6076,60752,0,SkyE,1.8888846219352717,0.8599,77.8464,47.5371,-44.27494241882542,0.06387001403141555,0.1458419502440427,0.04983285951780309,0.08999242411908881,0.127628872376479,-0.08999242411908881,0.07102289225981416,0.14392915950871119,-0.057811531634926125
38760,6156,60774,4,SkyE,1.0222504804832475,0.8654,47.8317,46.2492,42.690109320130375,0.09360667384457823,0.16684890943764263,0.08466527780232762,0.04261976436685705,0.10967552657530297,0.0411495481114449,0.05888851382785559,0.12399332700884116,0.05459485051521655
38759,6157,60774,4,SkyW,1.012877971788931,0.8649,48.7266,46.3147,42.81649732791408,0.11009317953580983,0.16938259790584892,0.10423760513358642,0.05958975741488055,0.11810073689272067,0.05879120633949149,0.04373763960695188,0.10342123062822378,0.037855199629626704
38758,6173,60774,4,SkyW,1.0072540935545762,0.8645,49.278,46.3798,42.94368889240474,0.09478592561490236,0.15486059734353133,0.08680153186823282,0.04417067443081275,0.10769464045823153,0.04313132009986531,0.03599561803802672,0.09135503619176373,0.026387070326819237
38755,6190,60774,4,SkyW,1.0132758926695844,0.8631,48.6732,46.576,43.335958148708755,0.12283387649207798,0.18468554865216205,0.11980804336667322,0.04055349399142298,0.10109628826894625,0.03863783959921054,0.032761364643993734,0.09876420014006328,0.016047196596611406
38757,6194,60774,4,SkyW,1.005352100669773,0.864,49.4649,46.4447,43.07187938455897,0.1119919612495184,0.17866337893993398,0.10607163900472788,0.03207435411870194,0.09334193498779543,0.026462144535339245,0.03186787854380102,0.08980987265901938,0.01505142247702277
38756,6195,60774,4,SkyE,1.0071548854015189,0.8636,49.2807,46.5081,43.198635594653524,0.12417783762582753,0.18466977969431467,0.1181077731204354,0.046947749587258905,0.11403154360138541,0.04592159501801061,0.046830991133578276,0.11839182343897296,0.03661538017274278
43247,6251,60863,3,SkyE,1.5007007618470714,0.8607,76.7681,45.9191,44.05874263304773,0.08675970600556868,0.14678028026824988,0.07950726035529827,0.05118479872308116,0.11966806734484157,0.0478813202306167,0.07523062172178302,0.13547378258804682,0.05160651292822564
43249,6279,60863,3,SkyW,1.514346415962639,0.8616,83.374,46.038,43.804814985197766,0.10698664084796354,0.16919726865399692,0.0968802637161468,0.06096650623885333,0.13274080206677208,0.06051573340922988,0.08555967259471284,0.14027433440919365,0.07160636175367978
39267,6297,60782,0,SkyW,1.5670556753166474,0.8414,79.4647,53.4895,-46.946151614589894,0.04116453122540641,0.13482296637576974,-0.020389206176922327,0.10787904002222234,0.16193876203279864,-0.10787904002222234,0.07850143454498248,0.154400276608356,-0.07649438284095132
9809,6375,60302,3,SkyW,1.1222211392271646,0.9079,38.043,55.3883,35.511481419762134,0.03598689673777229,0.1653287681956671,-0.01570029948374785,0.11579114833337435,0.18728016718934554,0.11251152593054783,0.16188128779073563,0.21693249270775128,0.15929627493636161
37535,6438,60752,0,SkyE,1.7581934785201592,0.8622,73.792,56.7121,-43.63734793818128,0.037755048130768624,0.12762106412929444,0.008250491300798588,0.05623711634212281,0.10496795213422697,-0.054609037020724165,0.05352916458385426,0.15469484487419877,0.04326056849265997
37533,6439,60752,0,SkyE,1.6055327485200357,0.8631,67.5493,56.5273,-43.38872187634095,0.041140633625116725,0.13854790561130145,0.019441279854880745,0.040138260871404055,0.080196110985469,-0.034633923115389355,0.04939692676898988,0.15942358017037322,0.035022762091384316
41932,6441,60833,0,SkyE,1.9266625054049107,0.841,74.412,45.2672,46.935032414676186,0.0945865710668413,0.16812377800283723,0.0846654388107817,0.08189702386569492,0.12345245181862743,-0.08189702386569492,0.04964023871802328,0.12549250536165793,-0.036837464595952295
37532,6446,60752,0,SkyW,1.5535133429433654,0.8636,64.2361,56.4331,-43.265824377602144,0.04347387538595701,0.13390805064292663,0.013990042024110715,0.061634611633407416,0.10774667232168911,-0.061634611633407416,0.04365115367015617,0.10032551318007166,-0.030961175817842173
37531,6447,60752,0,SkyE,1.5141190659905048,0.8641,60.8595,56.3374,-43.14349755959651,0.06859860253693756,0.14178513138842852,0.056135710038708424,0.04602797890973416,0.08402959092836146,-0.031578493929634716,0.04179195014494379,0.11774454151477606,-0.00270836596765576
34613,6449,60723,0,SkyW,1.3181259946600494,0.8022,70.053,52.1615,-53.01920436165173,0.06177034362024428,0.1387516749313282,0.049820989046919714,0.03451931620069774,0.09933209489692522,0.02929254726388272,0.05962257609825898,0.11908201286687944,0.053342303469983615
39266,6457,60782,0,SkyE,1.5350017190429541,0.8419,75.9648,53.4245,-46.821017978267065,0.034123773686192016,0.13574831168206442,-0.007203705179396254,0.11144567868632363,0.16690941124774641,-0.11144567868632363,0.08318539752980009,0.15602527805158586,-0.08112723339502186
39265,6458,60782,0,SkyW,1.5136928311714561,0.8424,72.4639,53.3574,-46.69608000862604,0.037657624154529556,0.13373616294586263,-0.015029500534353426,0.1032035926287416,0.1644964323744554,-0.1032035926287416,0.10693929562965411,0.16529591991506143,-0.10659874288001377
20012,6472,60486,2,SkyE,1.8027349030676045,0.8681,80.0946,54.1185,-42.66122842632987,0.05160568700687811,0.14143940376250802,-0.046693553372248675,0.046570228874626154,0.09204056896592988,-0.046570228874626154,0.05293084452680192,0.1379627070723413,0.05022109941929651
41934,6532,60833,0,SkyW,1.2095863103308635,0.842,70.582,46.1046,46.652943696584714,0.04926045287476543,0.138174026413204,0.03427084751859353,0.03830473094450117,0.08049075443671712,-0.03637588890279177,0.07531423302832618,0.16828942673512196,-0.07471635646598591
22150,6574,60516,1,SkyW,1.04792298884795,0.8036,55.0451,51.5561,-52.28938824071743,0.05492964607623391,0.10786513856703367,0.04394419710585487,0.04080925532594832,0.10085708249979955,0.03814686994287474,0.07486972417076096,0.14056310490672566,0.07189469713357022
37521,6708,60752,0,SkyW,1.6962080366244463,0.8699,24.7048,55.1942,-41.87473158786585,0.14588434549724366,0.2563116233044615,0.14495783940118312,0.036877033655775535,0.0773323464924971,0.02579689561517717,0.057462729884591265,0.1456908271955551,-0.05159982814721149
37522,6709,60752,0,SkyW,1.6248768204663326,0.8693,28.1809,55.3179,-41.99708665833043,0.12984518861990085,0.2372357647569362,0.12728707314646368,0.03342260234411335,0.08057492111532631,0.02174700981569891,0.040963597266709985,0.1320952821865692,-0.033344024224137424
37523,6712,60752,0,SkyE,1.5621940599450488,0.8686,32.1413,55.4546,-42.13596359174903,0.11883047007024909,0.21164073455858226,0.11395251491132133,0.030706372850319907,0.08147280298159802,0.022986482917727907,0.0353099481976509,0.10813728998539501,0.003101230279352771
37524,6719,60752,0,SkyW,1.5189693983817967,0.868,35.802,55.5771,-42.26395692849442,0.10072769403995845,0.19509337301017002,0.09430735393255245,0.026161901090115985,0.07648729827790844,0.020363227058389794,0.030264983773535988,0.09863488041267288,-0.0016944330483680465
37525,6722,60752,0,SkyE,1.488977780042435,0.8674,39.3127,55.6914,-42.38648820542633,0.10262855645454734,0.17653906174509437,0.09548273208380582,0.04024923515295506,0.0931935150290246,0.0369616619818738,0.04871077703595828,0.12343784129893802,0.043527223055010375
37526,6725,60752,0,SkyE,1.4690393289579795,0.8668,42.8317,55.803,-42.509220257565374,0.10698602825784066,0.17606020237638312,0.10023552436378518,0.037780949288463636,0.0945597546602224,0.033525907965520206,0.06044563826454466,0.13907625827926476,0.05398598250794251
37534,6727,60752,0,SkyW,1.6734466546499747,0.8626,70.7951,56.6212,-43.51387357132259,0.03282886058563064,0.1269455630676596,-0.013633988659927328,0.05984650028978995,0.10390162072080629,-0.0595313786300803,0.03857215028983434,0.12673677229741256,-0.0003404674376186874
41931,6733,60833,0,SkyW,1.804696722070791,0.8405,74.8039,45.1772,47.061121395126605,0.09144523036902762,0.15730945453871598,0.08280087300967112,0.0929713477678451,0.13881482727475228,-0.0929713477678451,0.07100912542895205,0.1376265361995257,-0.06766312686220512
37530,6737,60752,0,SkyE,1.4852385340889522,0.8646,57.3724,56.2378,-43.019083740712574,0.07973516673174297,0.15720264520519245,0.06798466821323702,0.03632435944735864,0.06812789654490183,-0.015756469519187126,0.04286121799899559,0.12286355549416247,0.016625956458342278
37529,6738,60752,0,SkyW,1.4667970017252787,0.8651,53.8969,56.1371,-42.8963130579786,0.06118004127290042,0.14343616448381327,0.04540861321006564,0.04119801224861572,0.07824754916781342,-0.036272776025386165,0.03809562329253544,0.09567901478360152,-0.012665255478491894
34612,6739,60723,0,SkyE,1.246004667888275,0.8028,68.1957,52.1232,-52.8803868626873,0.07280587333836978,0.14533618858298283,0.06385817885930344,0.06336067193732886,0.13173757638053163,0.062371118351378124,0.09968785487064484,0.16341900741066243,0.09854764626426193
39264,6752,60782,0,SkyW,1.501798349572477,0.8429,68.6511,53.2819,-46.56001707056757,0.03988421468748815,0.12322098424622918,0.0051541135115836054,0.09697448215955293,0.15592450007525818,-0.09697448215955293,0.0881548811526358,0.15817156836194912,-0.08665617720181965
39263,6753,60782,0,SkyE,1.5008599915679712,0.8434,65.1668,53.2105,-46.43556107981712,0.048248297857635326,0.13235387874942514,0.020753414092656255,0.07886876365616216,0.14132056196224463,-0.07886876365616216,0.06247708483061982,0.13405706515505486,-0.05642679330864471
41933,6831,60833,0,SkyW,1.2653372821429378,0.8415,72.6888,46.1809,46.77743633352307,0.044799601673285845,0.12493775381105292,0.028023052301021725,0.065788881911066,0.10728888349072958,-0.065788881911066,0.11426047782453672,0.20478601646921912,-0.11388807922243684
34611,7018,60723,0,SkyE,1.1827435248888294,0.8034,65.5157,52.0815,-52.730918659859114,0.07903029821696862,0.14971596671872472,0.06972202257626524,0.06609924343668735,0.13079134113816238,0.06525074576538129,0.09006662275887563,0.14699529724332316,0.08813294894152819
37528,7020,60752,0,SkyE,1.4576295004545343,0.8656,50.3182,56.0316,-42.770699916040144,0.08449632893348505,0.1547959175351558,0.07453422841816706,0.036305260118862724,0.07052961831672912,-0.0022710898741077844,0.038485725186586786,0.11443446140800222,0.013134552703337186
19540,7025,60479,2,SkyW,1.8818032714257935,0.8357,77.4299,45.3684,47.84588839528362,0.09187942789660616,0.16032654450656997,0.08546269846241882,0.042777299594461436,0.07572544943367623,-0.02079332892799108,0.04749828069641023,0.14558562366840283,0.03494525776419777
41935,7125,60833,0,SkyW,1.1628301609422833,0.8425,67.9779,46.0263,46.52651609581224,0.07519991395655401,0.14166643428498538,0.06504289534365423,0.03150769226191405,0.06439554555714198,-0.02599434715487913,0.0656616174972329,0.14623051982682478,-0.06505022736156978
37538,7303,60752,0,SkyE,1.8728842054901729,0.8608,79.6922,47.4379,-44.02527906024656,0.06131335335459302,0.1614690408400541,0.044114540376613165,0.07726471003633144,0.11117478082432035,-0.07726471003633144,0.04541850779406152,0.126176354489778,-0.027091006718487354
37527,7305,60752,0,SkyW,1.458328789101523,0.8662,46.481,55.9159,-42.63654625825268,0.06291162981721321,0.14915510475065705,0.05039209362461026,0.026641061875463386,0.060374625570713096,-0.008272698913337064,0.03158300065039992,0.10585842966799296,-0.00944746967034792
13367,7310,60369,4,SkyE,1.2323088464499898,0.8087,71.6267,29.5514,-52.01267466080742,0.09357290605403745,0.16699636263695922,0.08558934407188157,0.027399359753494487,0.07202739599725783,0.023387980622490194,0.1800868898643951,0.2996393165468322,0.176908356434291
34556,7869,60722,3,SkyW,1.0292105185795306,0.8771,46.8906,52.7372,-40.920367717359966,0.03838249844954422,0.13142366821900744,0.012453921022274701,0.037381568089222536,0.07167545844799311,-0.03430475920370031,0.09719424995342157,0.2019387485714838,-0.09624492850764202
34557,7876,60722,3,SkyE,1.04580019615115,0.8767,49.9124,52.7728,-41.04222760411338,0.03779539472117428,0.1401587446610903,0.018004439575044637,0.02621871854482523,0.058187020657824245,-0.017779185161719724,0.06318875350211225,0.18290689998302068,-0.06226763719844544
34559,7878,60722,3,SkyE,1.0941876220395124,0.8758,55.5697,52.8395,-41.28719695468703,0.03766244030862042,0.12160531233927271,0.008254077955003568,0.03245966031669813,0.07163587233658103,-0.03063835245233177,0.07960571968823227,0.20958667817816845,-0.07960571968823227
34558,7879,60722,3,SkyE,1.0675096857190751,0.8762,52.8434,52.8071,-41.16562959582501,0.03678451033746716,0.12334532560228972,0.004416030770805444,0.03476034540050968,0.06645235796336561,-0.030789577296992984,0.08095430247067248,0.19606906919752679,-0.08033574962977344
34560,7888,60722,3,SkyE,1.1268052345988766,0.8753,58.099,52.8706,-41.40907353355212,0.03871336875840737,0.11956798282738013,0.021709723248036956,0.03136072944132624,0.06112326972933252,-0.02192167446088462,0.057130370028935604,0.17455268689919926,-0.0564682512069163
34561,7889,60722,3,SkyE,1.1663273205843143,0.8749,60.3825,52.9009,-41.53166205293411,0.04391752182610947,0.13106845337687725,0.027213579390728524,0.03133879791010671,0.058805626930144274,-0.017018268025952583,0.04689848912676408,0.17131485624726517,-0.04492047759344808
53166,8167,61076,4,SkyW,1.0565862249072464,0.873,55.1956,45.7248,-41.83477624931439,0.12384633442196258,0.22129832280452683,0.12162871214833214,0.11872950725504311,0.16490528664504445,0.11841295193821688,0.14880149510168106,0.21811223352507983,0.14832357869887663
53167,8168,61076,4,SkyE,1.0813166181328793,0.8725,57.2979,45.7486,-41.97048849965992,0.13435465211932926,0.21792322999166372,0.1325559927371577,0.11952107309889745,0.1725120686419332,0.11876238032854428,0.18277093482018353,0.26294296744256923,0.18277093482018353
53171,8174,61076,4,SkyE,1.2621836399403719,0.8705,61.767,45.8436,-42.54744677896255,0.08205906040487512,0.17429793861258086,0.06958573703335663,0.0344379143876663,0.07943268833558188,0.031807803318750896,0.06569127013587812,0.1368441769227645,0.06336915017754044
19539,8184,60479,2,SkyE,1.8821435407721587,0.8352,76.2372,50.3912,47.97996579132101,0.08724089904956082,0.15518361520685428,0.07517731724564251,0.040560528322395886,0.07791829017297994,-0.02058643260029308,0.04738780740656583,0.13648962571719822,0.03724286624944407
34562,8186,60722,3,SkyE,1.2131207744985821,0.8745,62.3219,52.9301,-41.65311234709898,0.03927553227789281,0.11865073771068192,0.0025855566852380604,0.045917345360797966,0.08885389285803293,-0.0448902465083365,0.09326556166782124,0.20562708541918337,-0.09259430182302694
34563,8187,60722,3,SkyE,1.269770324216562,0.874,63.8878,52.9592,-41.77650228336759,0.044038827921888034,0.1253057734676881,0.0005296020307436991,0.04941608009814959,0.08348266658292187,-0.04915217950870801,0.07649737100521012,0.19644669933957748,-0.07649737100521012
21644,8205,60509,1,SkyE,1.5441062321974686,0.8646,81.8292,45.0653,43.346805953666774,0.03544159656932925,0.11606618472509923,0.013187512221425259,0.029433377213084776,0.06074978437611572,-0.010400145508993338,0.039111385012053336,0.10206883289820079,0.008950335998440171
40487,8238,60804,1,SkyW,1.2425460562337654,0.8869,65.1298,52.3402,39.14239277388887,0.0332375721951258,0.15252143575398605,-0.02286294643097516,0.11257816320759767,0.17148954742724914,-0.11257816320759767,0.162996661575795,0.21699966067649012,-0.16293545377122523
44863,8357,60899,2,SkyW,1.0393298404981468,0.8964,48.8121,54.1947,-37.1079658236836,0.055834617998348234,0.11858357148858811,0.044172417589001506,0.07031401850754868,0.1374919186055955,0.06938687449704115,0.1079440556400589,0.1685981183944543,0.10710079236536368
44864,8358,60899,2,SkyW,1.0457483633456777,0.8958,51.6942,54.3204,-37.27588449261995,0.029137748369602798,0.15087306990435112,0.004702508748137097,0.03820200133757748,0.10286634164934418,0.03480786678322981,0.07486897314141885,0.1325415752334027,0.07220283135292423
53168,8484,61076,4,SkyW,1.1120268964222995,0.872,59.07,45.7717,-42.10678225208258,0.10696115412929778,0.1858028796757219,0.10264854292940619,0.06966940965438087,0.1305863750459383,0.06917674100610702,0.10637018623051703,0.18783413744270608,0.1056206328643664
53169,8485,61076,4,SkyE,1.0800637887057074,0.8716,60.441,46.6493,-42.24324318654445,0.10376095725788684,0.17663820526880555,0.09517144507311702,0.0682838937039508,0.11904844234982981,0.06745933855244429,0.09762119938597108,0.17123113894710185,0.093805147659713
53170,8486,61076,4,SkyE,1.0646054387261084,0.871,61.4809,46.5505,-42.409380272697064,0.06900231551394342,0.16009486786088448,0.05781802782004167,0.02857993833984906,0.07384662422577051,0.023620549380493364,0.05478174095786863,0.11346705368601187,0.049984538329525305
40490,8557,60804,1,SkyW,1.1137653528046076,0.8881,61.0723,52.0684,38.77168451021947,0.03999839333847207,0.11320535838150501,0.00984767746922865,0.08128619504360418,0.13305413028730906,-0.08128619504360418,0.14594065865935468,0.1996240909321192,-0.14561533257478454
40488,8558,60804,1,SkyW,1.1926494971628798,0.8873,64.2858,52.2508,39.02013163639086,0.030082705294874106,0.12333240027088427,-0.016265477128052475,0.10258524416574377,0.15447681041350136,-0.10258524416574377,0.1515378187528464,0.2021736279092641,-0.1515252447251416
53172,8768,61076,4,SkyW,1.8487427922205046,0.87,61.5192,52.7258,-42.682982745304116,0.04879747940940838,0.14234081177353886,0.004986733357838389,0.05199094989739782,0.08989660271066657,-0.04899041107296721,0.03470688883306734,0.13570249300970957,0.009874620161944311
41929,8804,60833,0,SkyW,1.626530462368245,0.8395,72.6478,44.987,47.323963029568006,0.108033792691477,0.1739879448015608,0.10155045926069914,0.0872985199082638,0.14059701212990522,-0.0872985199082638,0.09243378826453821,0.18240496922197247,-0.0896304629382164
40486,8892,60804,1,SkyE,1.3007534044294427,0.8865,65.4087,52.4286,39.26347234649725,0.036020696234165955,0.15840114279754736,-0.030520467293906457,0.09753114961533516,0.15046883487974416,-0.09753114961533516,0.12230256614263475,0.17618792810502462,-0.1218706187990682
40489,8893,60804,1,SkyW,1.1491331431415566,0.8877,62.8778,52.1583,38.89385368211177,0.033548044433264104,0.11252071550274591,0.0017987462313848812,0.08161979753254252,0.13285770371602765,-0.08161979753254252,0.1406897048239995,0.19961777395650848,-0.13973171361317555
33031,9026,60693,2,SkyW,1.5892503171681953,0.8122,54.6563,50.4876,-51.61581159662862,0.0703492739493267,0.14450347013035647,-0.06614711537303823,0.14079878308082577,0.17054178525874716,-0.14079878308082577,0.1963881640125111,0.2647097218462303,-0.1963881640125111
33030,9030,60693,2,SkyW,1.487331645241978,0.8128,53.3022,50.4153,-51.477994622868664,0.04943902436521448,0.12491476953369998,-0.031670420164243956,0.11553578483014626,0.14919888642184037,-0.11553578483014626,0.1915418778289378,0.2800121973792536,-0.1915418778289378
53165,9037,61076,4,SkyE,1.1918194320254378,0.8736,52.8042,52.2907,-41.69849200271938,0.11703157940674391,0.18387045263398238,0.11245352199823061,0.12331939361110342,0.19862650616793898,0.12157146202410518,0.19587417163113455,0.2854186771392161,0.19436502037526987
32974,9054,60692,1,SkyW,1.0107601091578178,0.8837,49.227,46.0411,-40.132875521393544,0.09813645941566512,0.20903718006503708,-0.0977673433727298,0.21540937379776526,0.29314660452078667,-0.21540937379776526,0.3248993830586928,0.3743260888733238,-0.3244900008269261
33029,9056,60693,2,SkyW,1.0533071543805637,0.8133,51.7035,48.5971,-51.35258560196141,0.047031342465552115,0.11484734563899662,0.004250278184747072,0.0941047734392847,0.1558150653504876,-0.0941047734392847,0.22285428726348255,0.3393072300896228,-0.22261861761620255
13032,9069,60364,3,SkyW,1.2892630119337034,0.9984,24.3879,30.969,3.969995832851197,0.100197109096393,0.14831019184885308,0.09239968110808239,0.0201295864003243,0.04772531897531216,0.018110431102474817,0.07753670589238763,0.19470337791500214,0.07753670589238763
41930,9071,60833,0,SkyE,1.7082820898012865,0.84,74.236,45.0865,47.18721005903433,0.1063834864926747,0.16361205333587944,0.09588350680588024,0.08611249547174682,0.1378975115282273,-0.08611249547174682,0.0832172338794876,0.17387104711990514,-0.08175909585497332
40491,9172,60804,1,SkyW,1.0837454302343703,0.8886,58.8666,51.9762,38.64730208691958,0.03712635725393516,0.10180904330729387,0.012215840747029656,0.07696141359196879,0.12977245818526884,-0.07696141359196879,0.13798638537534957,0.19243534870331988,-0.13774562754248593
13366,9352,60369,4,SkyW,1.213088404670644,0.8092,69.2877,29.4555,-51.88259858943397,0.06350934763930717,0.13085543305950093,0.05215971273599618,0.024827352572249474,0.05526817161985756,-0.005018639634949406,0.15117987357445825,0.2765484820342978,0.14919159083202346
13364,9353,60369,4,SkyE,1.1965017272050644,0.8103,63.5147,29.2596,-51.622986447005644,0.09913475005824698,0.15235779983974393,0.09313639124535396,0.027818525808658408,0.08028781066406124,0.023985196502064245,0.19089022770372815,0.3181187056722673,0.19089022770372815
21643,9379,60509,1,SkyW,1.5418010197090721,0.8641,78.0626,51.9957,43.49578055391325,0.03477348294984718,0.09847775947054423,0.011553801167910887,0.033939737694881775,0.08032511991216418,0.006130691548506154,0.058930387256407174,0.11421277079895491,0.04511330167426378
13365,9634,60369,4,SkyE,1.2011265858288351,0.8098,66.4862,29.3565,-51.75029287447708,0.09858464193685401,0.15474233865027087,0.09169986048423026,0.033590671232206035,0.08309519400671389,0.031628478828790454,0.20468893338910724,0.32221264049364734,0.20468893338910724
13363,9635,60369,4,SkyE,1.1984328235888453,0.8109,60.3972,29.1622,-51.49728592297072,0.09666946624378796,0.15296847616231676,0.09219089269278617,0.022983349200673395,0.07325998673206975,0.01475874538902163,0.19771857681985064,0.3195359779704148,0.19771857681985064
40492,9738,60804,1,SkyE,1.0596278361271458,0.889,56.4238,51.8852,38.5257307385051,0.05326692348852536,0.1257292511614157,0.03726297620867667,0.05866812119820036,0.10342605276966998,-0.05866812119820036,0.09721619001123714,0.1446914936426213,-0.09655094946307896
40494,9739,60804,1,SkyW,1.0240962454090046,0.8898,50.6848,51.6927,38.27308179961105,0.0716269366010881,0.14758501183281197,0.05930894761828768,0.05105055817555455,0.09926089351946,-0.05105055817555455,0.10893680146657231,0.16140973651079732,-0.10846613476810704
15126,9885,60397,1,SkyW,1.4376496366839957,0.9267,30.432,36.6182,-31.010400312746782,0.17004652286092317,0.2504493860212831,0.1697907552569128,0.05160064788077484,0.0913505416224547,0.05106484305272605,0.07406643419134001,0.25117819911002665,0.0703957567719076
13358,9901,60369,4,SkyE,1.3170785054742875,0.8139,43.1997,28.634,-50.85903905591624,0.675856290690751,0.79799902862561,0.675856290690751,0.5578308276704222,0.6339465690188436,0.5578308276704222,0.7789554427082183,1.0194773741247314,0.7789554427082183
13021,9903,60364,3,SkyE,1.321138260633155,0.9977,45.7581,31.9726,4.849638752871385,0.20882840738438077,0.2963202647404781,0.20882840738438077,0.07721719421818321,0.10436470926848515,0.0770177629295873,0.1474799939844079,0.31836105831092226,0.1474799939844079
13362,9911,60369,4,SkyE,1.206877853563329,0.8114,57.1507,29.0628,-51.37155803260424,0.10743902508051689,0.1671340399859752,0.10345319544101855,0.03758973089635459,0.08492435350151593,0.03620490189614765,0.2098173440055263,0.34317168515015567,0.2098173440055263
40493,10011,60804,1,SkyW,1.0402090962362647,0.8894,53.758,51.7933,38.4042150013577,0.046946223192953156,0.10758020731867711,0.02545010630771915,0.0708686058177456,0.11930453674930251,-0.0708686058177456,0.12882723795702378,0.18853148589538557,-0.12805894163718107
40495,10012,60804,1,SkyE,1.013453032350013,0.8902,47.7248,51.599,38.152758448293866,0.07792107753724102,0.14483644563588802,0.0695215355929558,0.041397302125278874,0.08725642709687362,-0.04120688656770512,0.09010773705528846,0.13809443346147657,-0.08959400545615159
40409,10027,60803,0,SkyE,1.5615519751348466,0.8259,24.4917,49.606,48.57115095907136,0.10811507063737467,0.22783533506421877,0.07753935656969138,0.25071934075478797,0.3570049475473616,-0.25071934075478797,0.4071168303844656,0.43666963057963293,-0.4071168303844656
13359,10170,60369,4,SkyW,1.2774698666182496,0.8132,46.6769,28.7426,-50.9843134452928,0.1249833635340645,0.20301615163758763,0.12239969143417584,0.03867620743470808,0.08809343156975134,0.037605100583126806,0.20891611363855572,0.34840566426800773,0.20891611363855572
13360,10171,60369,4,SkyW,1.2457210398262597,0.8126,50.2429,28.8524,-51.114067603083896,0.10155537150589557,0.18392546666474652,0.09806284180273081,0.026971609355231428,0.07339400184634141,0.022988954228713977,0.16165358617542736,0.2848480184386891,0.16165358617542736
13361,10172,60369,4,SkyE,1.2230657782124086,0.812,53.6351,28.9559,-51.23923007225423,0.12243372542043333,0.17928863878125248,0.12072035714581027,0.0376762755252813,0.09323958519583765,0.03380461434982339,0.19125218449127152,0.32038995985100854,0.19125218449127152
37537,10175,60752,0,SkyW,1.886815799603241,0.8613,78.6815,47.3853,-43.89742579467415,0.06144430398135584,0.1502592121511317,0.04114557231722611,0.08845933294682362,0.12256127469505561,-0.08845933294682362,0.06323240251983525,0.1287818335402196,-0.050988151569313564
40408,10271,60803,0,SkyE,1.531658899089098,0.8252,27.7498,49.6595,48.692870773089,0.08973257237303059,0.19143677679462148,-0.0015042378622696338,0.30637393139219804,0.3925852141502208,-0.30637393139219804,0.4443120067649736,0.47519827681959975,-0.4443120067649736
33032,10351,60693,2,SkyE,1.7068691027277971,0.8117,55.4894,50.5537,-51.74300202045737,0.07533275223215766,0.1587832060191569,-0.07528282273056133,0.15287011285554053,0.18028667210696087,-0.15287011285554053,0.18798013861241433,0.2763047036566153,-0.18798013861241433
13018,10395,60364,3,SkyE,1.5418058737772695,0.9975,45.3921,32.2405,5.154603567919395,0.22146786835336554,0.33714556349091174,0.22146786835336554,0.04978048288480753,0.07580102809734512,0.04957717840046873,0.10656085008677349,0.3099983435357659,0.10656085008677349
13356,10398,60369,4,SkyW,1.3836499873397083,0.8147,38.6633,28.4893,-50.696842685251,0.1217436352813884,0.22800396492405384,0.12136685179523761,0.04035402847745592,0.08027331516666629,0.03928694464412613,0.19236528051862112,0.33977794345604395,0.19236528051862112
13020,10401,60364,3,SkyE,1.3731330095386685,0.9976,46.0516,32.055,4.941480175466609,0.2278124346851554,0.3160468999271801,0.2278124346851554,0.08051506322628313,0.11619539106798449,0.08045365222022877,0.17028037718553263,0.36501689521663017,0.17028037718553263
11381,10404,60337,1,SkyW,1.2570760724745398,0.9412,47.0406,27.7629,-28.467985383003793,0.8109732643251129,0.8954239401596075,-0.8109732643251129,0.9286214729863578,0.9487334546226807,-0.9286214729863578,0.9575893223562265,0.9604282730790141,-0.9575893223562265
13022,10414,60364,3,SkyW,1.2806169339118085,0.9978,45.1287,31.8911,4.7612189838407915,0.18882414934411962,0.2679587107506581,0.18882414934411962,0.04938878645938659,0.08687000852465926,0.049303244414275235,0.1355937801971892,0.30371535136174427,0.1355937801971892
37536,10416,60752,0,SkyE,1.8610123075304523,0.8617,76.7018,53.0689,-43.77416092497947,0.06590166830982011,0.1494203094572451,0.051792359665732056,0.059237721062164905,0.09874863901409828,-0.058872930895907394,0.051587875678234585,0.16685352897143185,0.011099313966060316
22145,10574,60516,1,SkyE,1.0494906510038682,0.8074,40.3404,50.9657,-51.50422124504328,0.13185381652469413,0.1779899703170571,0.1270825141683174,0.08085747531338527,0.13732476970301372,0.0798761669996039,0.07762148812551,0.1291442319549893,0.07452658533894578
22146,10575,60516,1,SkyE,1.0418515056315962,0.8066,43.5627,51.0868,-51.66228177169896,0.11323250846241402,0.16193781156911358,0.10759382618808451,0.05910119381755291,0.13723242360919222,0.05812934319086707,0.07180465597071893,0.13171038676588778,0.07107886891831902
22147,10577,60516,1,SkyE,1.0379481086341944,0.8058,46.6657,51.2059,-51.81944139185791,0.09469235849556285,0.14684484717222732,0.08725041325501641,0.06730719939457755,0.1288914379901145,0.06629892686103145,0.08045455712256208,0.13953666573971907,0.07859854822581104
22148,10578,60516,1,SkyE,1.0376664415718968,0.8051,49.6421,51.324,-51.97662941399872,0.07737050069750054,0.13569297356892332,0.06646714381641478,0.05359240769379845,0.11160940374461509,0.052032886730068034,0.08167021451418925,0.13845421435559124,0.07766798499969262
22149,10579,60516,1,SkyE,1.0411160287197825,0.8043,52.5162,51.4436,-52.1371940618031,0.04478492510973764,0.16473815085904076,0.026776992413231813,0.03895718030329192,0.08528985804652787,0.01764795782696482,0.057503174162318725,0.11697353455213609,0.05237036051799117
13355,10684,60369,4,SkyE,1.449310675491474,0.8154,35.1385,28.3742,-50.57143233531539,0.12660683587023402,0.23144081064694602,0.12593637187705306,0.04152725886195389,0.08000561042656143,0.040393252320909366,0.19438088433626802,0.3757480724495684,0.19438088433626802
11375,10689,60337,1,SkyW,1.642735643050925,0.9429,45.1455,28.247,-27.73377634461619,0.6655283480286726,0.7995680726966801,-0.6655283480286726,0.853958445958453,0.8908638705550685,-0.853958445958453,0.903170929502521,0.9134982215604542,-0.903170929502521
11378,10693,60337,1,SkyE,1.3895670251720238,0.9421,47.6881,28.0053,-28.10039959240669,0.4025363522729405,0.5014970947882634,-0.4025363522729405,0.5321076325893825,0.5698203161443007,-0.5321076325893825,0.5330253844833421,0.5598707168024742,-0.5330253844833421
11379,10696,60337,1,SkyW,1.3355300553766065,0.9418,47.8361,27.9257,-28.221551646785088,0.5609753059359565,0.6972767715795891,-0.5609753059359565,0.7583375428043713,0.8113084021513529,-0.7583375428043713,0.832087426525312,0.8398376334494919,-0.832087426525312
11376,10956,60337,1,SkyW,1.5416205126609797,0.9426,46.309,28.1674,-27.853883897585803,0.6572387704056769,0.7930372346736481,-0.6572387704056769,0.8444255552280129,0.8830517546384704,-0.8444255552280129,0.8980442382740759,0.9072896653810565,-0.8980442382740759
11377,10957,60337,1,SkyW,1.4588409908588864,0.9423,47.1634,28.0876,-27.97509467475132,0.3914634803240214,0.5046303812300156,-0.3914634803240214,0.5242151625535041,0.559840142838977,-0.5242151625535041,0.5164693267462089,0.5490632196680483,-0.5164693267462089
13023,10967,60364,3,SkyW,1.2490019461828918,0.9978,44.174,31.8087,4.674317046527193,0.17697105599520363,0.24823754547052854,0.17693953920114586,0.04741076636273639,0.08265990847741012,0.04726041840598697,0.13029693244959611,0.2687555516970843,0.13029693244959611
13030,11240,60364,3,SkyW,1.2291327821123263,0.9982,30.0569,31.174,4.1106364417585155,0.16058629568336427,0.2522374305173815,0.16044968403878412,0.046449259230327916,0.06612009569581555,0.04356864566011207,0.0483418148900252,0.1739052053199253,0.048295031694451686
13029,11241,60364,3,SkyE,1.2111332816042433,0.9982,32.6879,31.272,4.184846105655538,0.16238693314008096,0.24797811853810664,0.16229028162064957,0.054016208380437955,0.0749920953129272,0.05342009834489779,0.06664365969486898,0.19404400579816936,0.06664365969486898
13353,11371,60369,4,SkyE,1.6910009691361967,0.8172,26.2345,28.0713,-50.25560191497041,0.04832704406096727,0.11048691886303393,0.027263124635962196,0.016577878155411705,0.043764051255401434,-0.007353197938224535,0.14660669659251796,0.27044676126841477,0.14643183030301365
11380,11419,60337,1,SkyE,1.2914961232568998,0.9415,47.6197,27.8445,-28.34490085591503,0.6535312662830565,0.781269435242158,-0.6535312662830565,0.8340487888557495,0.8697591925230373,-0.8340487888557495,0.8932881281306431,0.8990832525966499,-0.8932881281306431
13024,11430,60364,3,SkyW,1.2254338824913626,0.9979,42.9201,31.7255,4.58944144262469,0.19010787469819848,0.2741488081473089,0.19010787469819848,0.08354833759785159,0.11379760649529348,0.08338279595070194,0.15312299488817804,0.3018974632245182,0.15312299488817804
13031,11442,60364,3,SkyE,1.2545970250570633,0.9983,27.3127,31.074,4.039677059596983,0.1921558479836277,0.2787638003074566,0.1921558479836277,0.09491188951117246,0.1206241219538766,0.09479220659248425,0.13628021467893048,0.2964119309977167,0.13628021467893048
13354,11605,60369,4,SkyE,1.5790574643437523,0.8164,29.7822,28.1942,-50.381378452790926,0.13140071015080046,0.23817825227034117,0.1312921973129975,0.04411904906122634,0.07632378527724137,0.042743394832092996,0.18685252183466822,0.38197640971631,0.18685252183466822
43248,11631,60863,3,SkyW,1.502314074308136,0.8611,80.0793,45.9775,43.935952267472175,0.09391457099939737,0.15619629429973728,0.08515121206731627,0.051096186457716096,0.12048285818055368,0.0493310865624663,0.07167998436452026,0.13162077275877987,0.044465041669618094
13025,11637,60364,3,SkyE,1.2087957899233122,0.9979,41.3507,31.6389,4.504527325190622,0.2005009666130323,0.2811823980519558,0.2005009666130323,0.10263658162388306,0.13040373670954156,0.10240408552050703,0.1703494061717134,0.3063225109125073,0.1703494061717134
13026,11638,60364,3,SkyE,1.1990923979871089,0.998,39.481,31.5489,4.420036767751412,0.20556934085532563,0.2882299114378521,0.20556934085532563,0.10741269814286235,0.1340183750861688,0.10735624941229938,0.1746175358212416,0.31502577602986936,0.1746175358212416
13028,11639,60364,3,SkyW,1.2002759389494884,0.9981,35.1753,31.3679,4.26207101608091,0.15964313925705373,0.2429095068949928,0.15960031082437157,0.0398779876521099,0.06950552318886023,0.03961605108304504,0.08441286223999947,0.20185454742920864,0.08441286223999947
13027,11640,60364,3,SkyE,1.1963938525968671,0.9981,37.4524,31.4605,4.340800073940187,0.18515008280817224,0.26632150865217613,0.18506693206113717,0.07777135629902472,0.1026845695512908,0.07754245755653336,0.12966887821835438,0.27000005825749873,0.12966887821835438
16882,12452,60424,2,SkyE,1.4802132599465503,0.9993,74.9027,33.239,-3.252554649690353,0.19769028180243312,0.2436872761214504,-0.19769028180243312,0.0454641323862024,0.09208096939410033,0.035053095353207026,0.32233115490339637,1.0259597313437179,0.32233115490339637
16885,12524,60424,2,SkyW,1.518815850531797,0.9992,67.7706,36.5371,-3.5862272218267037,0.22497410482188304,0.264660075507821,-0.22497410482188304,0.033555751964448474,0.1135072546003897,-0.026853563267588254,0.2393299898511277,0.8844870870266033,0.23302744057958052
31081,12827,60656,4,SkyW,1.2091300815919288,0.858,43.1987,58.9398,44.36488347292811,0.044727337245025804,0.18417985280503868,-0.0446968208162238,0.03464572798747331,0.0866023651588654,0.02836306059392075,0.05517265891980351,0.10731818705274494,0.019914662229543047
32978,12875,60692,1,SkyE,1.0160813664783594,0.882,49.1887,45.7803,-40.66045285173877,0.18646207804542742,0.2634102028848837,-0.18646207804542742,0.25591658124516325,0.32888430227350773,-0.25591658124516325,0.3703296637762122,0.466731869643464,-0.3703296637762122
47437,13001,60958,0,SkyE,1.0331772859658794,0.8603,31.3672,59.9362,-43.50998742909641,0.1226859687538929,0.27479172880233566,-0.1226859687538929,0.09444312973430895,0.1308871976722949,-0.09444312973430895,0.09557826476909888,0.15395919186612045,-0.09549536778059602
10114,13015,60309,4,SkyW,1.5660300792980404,0.8311,44.1097,35.5499,-48.81858832079416,0.06616949847051981,0.14685845566611522,0.05825042105637116,0.048291352776289195,0.10137723649061352,-0.048291352776289195,0.06946977821544761,0.12303279263277343,-0.0661760071923691
31080,13027,60656,4,SkyW,1.160564029949099,0.8574,43.9224,58.829,44.53235312091772,0.06925255438723656,0.21147036681919687,-0.06925255438723656,0.026801513461229033,0.06296340216334922,0.0032634955408189807,0.0458856406329828,0.161691673327026,-0.02212399159260372
49927,13047,61011,0,SkyE,1.1516933753830987,0.8794,44.3993,54.6534,40.697817049164314,0.03665232954246829,0.18054012881696246,-0.008985614002503242,0.042153434777764766,0.10012467652261224,0.038211112220454396,0.06380311031242342,0.12448008949278958,0.03889464538920544
33033,13087,60693,2,SkyW,1.4585997069039978,0.8112,55.8951,47.2095,-51.8727618542608,0.09685726743745117,0.18827110864110194,-0.09685726743745117,0.17116145997690918,0.21698389626725895,-0.17116145997690918,0.2375472417162778,0.32384831515575047,-0.23737818286114917
49928,13138,61011,0,SkyW,1.193038618937318,0.8799,43.3093,54.7503,40.54563212227251,0.03907921771536457,0.15962879246924414,-0.012184773473342077,0.032809715596019515,0.08537808508649422,0.02975827116829309,0.041402363889879695,0.17175676316408553,-0.03154346034298217
51374,13264,61040,3,SkyW,1.1471944235687686,0.8423,36.8974,53.9107,46.914187358978666,0.11349516722476921,0.19449551230266354,-0.11349516722476921,0.14488143102303186,0.17490434050530737,-0.14488143102303186,0.24639681903262522,0.3468575927713047,-0.2462672159700717
51757,13325,61047,4,SkyW,1.0551498166242979,0.8143,51.1592,52.8815,-51.350153023480175,0.09714689233863683,0.1804043063630075,0.08790929343748823,0.08888820693375012,0.14455916112489423,0.08736101539264901,0.08078656665616149,0.13733630253899495,0.07365309692998634
32977,13468,60692,1,SkyE,1.0085844021168506,0.8824,49.8059,45.8498,-40.52215063052839,0.1390744797621593,0.23052680690434993,-0.1390744797621593,0.24562201829930141,0.30536752055971156,-0.24562201829930141,0.35270944784038055,0.4145790737873814,-0.35270944784038055
16803,13489,60423,4,SkyW,1.5541905273651893,0.9918,35.4162,20.373,10.825123543147043,0.2185140621789055,0.27202210056915843,-0.2185140621789055,0.03628791204364923,0.0844778501375854,0.024876887811214013,0.4016973939111618,0.9752885058824373,0.4016973939111618
32976,13493,60692,1,SkyE,1.0055187691084706,0.8829,49.9945,45.9144,-40.39214907196134,0.1261583065054329,0.2239631672855023,-0.1261583065054329,0.23467307753141195,0.3051688927804614,-0.23467307753141195,0.3491995408421669,0.4238875453943727,-0.3491995408421669
11383,13513,60337,1,SkyE,1.2126280869405686,0.9406,44.8626,27.5971,-28.713909434276218,0.42606564069799746,0.49723319603930527,-0.42606564069799746,0.5227173045171822,0.5420825240137401,-0.5227173045171822,0.5110607216820524,0.5376425044200446,-0.5110607216820524
11382,13539,60337,1,SkyW,1.2311091238250238,0.9409,46.1167,27.6807,-28.590695332789295,0.5724180707833536,0.6721824001529767,-0.5724180707833536,0.7213997957425036,0.7797387058949569,-0.7213997957425036,0.7997103424942321,0.8206189325809568,-0.7997103424942321
11384,13632,60337,1,SkyW,1.2012079301941179,0.9403,43.3079,27.5122,-28.83715894156086,0.47415977504072715,0.545301284104397,-0.47415977504072715,0.5504231592761963,0.5737218397916121,-0.5504231592761963,0.5481201915780738,0.5703015339829983,-0.5481201915780738
51705,13714,61046,2,SkyE,1.0097059238819104,0.8914,45.4366,51.4109,-38.924189277964786,0.05089055212318741,0.16239564330373388,0.025789151074560545,0.06959174915065643,0.12153041997324297,0.06758152982201249,0.13053113002598674,0.2140574041871144,0.12919508692824916
32975,13729,60692,1,SkyW,1.0062928635716721,0.8833,49.7923,45.9793,-40.260184850389265,0.12374999893611498,0.22371507506091823,-0.12374999893611498,0.2302784758763065,0.31146165838353745,-0.2302784758763065,0.3547261058052943,0.4220250220716087,-0.3547261058052943
16862,13853,60424,2,SkyE,1.6913674044564195,0.9999,23.6152,32.2393,-1.7063001482655125,0.08141612715189943,0.13580120967384854,0.07447280688549848,0.08403015874393929,0.13181290313331717,0.08370588154313197,0.30598637794322403,0.5036494778159462,0.30598637794322403
21645,13953,60509,1,SkyW,1.4518250394726813,0.8651,85.5611,44.9679,43.19193644667294,0.10367808394407742,0.16496887199244764,0.0962546297699436,0.034644438147468044,0.09315502062245659,0.03263331372603426,0.0548780140520018,0.10491942149535165,0.049307487781854294
44538,14027,60893,2,SkyE,1.5039561608185883,0.8866,89.2887,48.2617,39.403559817588985,0.05933242651845761,0.13871513833767615,-0.04590133920769583,0.17409908317089395,0.2150162801293716,-0.17409908317089395,0.23110990044199187,0.25899891130407454,-0.23110990044199187
44536,14067,60893,2,SkyE,1.3185298160998329,0.8857,82.6663,47.9035,39.66910735785865,0.06735811827830478,0.15971543791295983,-0.05805976625766612,0.22674166039291133,0.2870807295321766,-0.22674166039291133,0.336059061228815,0.36580727414997805,-0.336059061228815
39215,14071,60781,1,SkyE,1.1323729819015536,0.9023,58.7032,53.3577,-37.05113881777967,0.05574056865226751,0.237540983508844,-0.05574056865226751,0.12255476309912226,0.17846901143236507,-0.12255476309912226,0.12761847943948712,0.19300910404595262,-0.12759711892462333
39274,14092,60782,0,SkyW,1.3658033675114205,0.8381,74.1699,56.5144,-47.876696791800214,0.09445697258143183,0.23313566198077149,-0.09445697258143183,0.14056053193050183,0.19874526276979174,-0.14056053193050183,0.12446032394965051,0.21279330166315646,-0.12438705705849716
39268,14106,60782,0,SkyW,1.610487667892942,0.841,82.9082,53.5521,-47.070053224556005,0.0586359758144472,0.15469941060665154,0.03644600080617298,0.09406781374473594,0.14594196815734992,-0.09406781374473594,0.07362306459062888,0.15616923815570644,-0.06510572807506612
39216,14115,60781,1,SkyE,1.1063057829697713,0.9018,54.6963,53.2687,-37.1934850404505,0.0881843748367411,0.26231725874555584,-0.0881843748367411,0.16088615338862125,0.21923572166785085,-0.16088615338862125,0.18743626774197583,0.2381853285742257,-0.18582102890621555
39275,14136,60782,0,SkyE,1.3040114660236446,0.8376,70.5631,56.4401,-48.005827134445724,0.06961951197219104,0.21796096074626106,-0.06959860379020742,0.11330044041701326,0.17011208415552456,-0.11330044041701326,0.10523607597250415,0.20578238952653735,-0.10511485288155202
34616,14175,60723,0,SkyW,1.4562026893500502,0.8005,70.4112,45.5437,-53.43697342513666,0.04293888154222404,0.1266326277206049,0.01034669850266206,0.03993781037745398,0.07126227704291177,-0.039671163873690185,0.027916098671024625,0.0791436409409142,-0.00757357099665596
43251,14177,60863,3,SkyW,1.558487784468918,0.8625,85.5028,54.3284,43.53868051393431,0.06232429261192106,0.12877618662016252,0.051481882500549456,0.034503924652119974,0.09465261692641061,0.022438110992539576,0.04488382254925792,0.16742087578889225,-0.002878279337218443
34617,14205,60723,0,SkyW,1.8009700644890418,0.8,68.9409,52.3138,-53.562178172533194,0.05981194913733731,0.1266319299167159,-0.008370033169430972,0.08163557579024897,0.11453860844211121,-0.08163557579024897,0.05761364112199298,0.1306376072357415,-0.048044426898118685
43250,14239,60863,3,SkyW,1.5382477434858233,0.862,85.8332,46.0981,43.670158263493875,0.15441413749021768,0.22515236403306724,0.15415229436672553,0.07852865488788943,0.14148265025982837,0.07782450264200738,0.10644518540626673,0.17840841770841423,0.10405053809948135
21646,14240,60509,1,SkyW,1.7014164557870615,0.8656,87.7625,52.2231,43.05481581592173,0.0956404951726231,0.1691665286871634,0.08852102075958396,0.05469862714019823,0.11719155377591002,0.053824502692526185,0.11577805111405909,0.206080476130132,0.1135411604476247
17917,14242,60449,2,SkyW,1.4939090495524372,0.81,53.5891,50.6721,51.888848828605774,0.0498717880771772,0.12031701171976246,0.03200001663286576,0.050693128716404176,0.0898811333747815,0.004537512886079766,0.03528857810695081,0.10742863483748842,0.010397888371904817
33034,14297,60693,2,SkyW,1.9019347804935254,0.8107,55.8375,47.7321,-52.001918622996314,0.1348551943779038,0.2114436249768019,-0.1348551943779038,0.22825880365474477,0.269892495529132,-0.22825880365474477,0.27086407469968476,0.32658833491092704,-0.27086407469968476
53174,14335,61076,4,SkyW,1.9122105285436715,0.869,59.5178,50.2437,-42.95520678947457,0.051525665468156234,0.1393992895910094,-0.010639180756413152,0.05565724154029465,0.08423128825011501,-0.05534729398594835,0.05656199846645595,0.1294576855023569,-0.048864376736398055
39273,14355,60782,0,SkyW,1.4510862181128517,0.8386,78.3643,56.6011,-47.72649640806412,0.04354151159604961,0.1644003960581154,-0.03744746723606543,0.10771440760944329,0.16118285945119704,-0.10771440760944329,0.10193043817891212,0.1908146609430376,-0.1008401514285544
53173,14369,61076,4,SkyE,1.8101347808896573,0.8695,60.7568,46.1483,-42.81904723471385,0.06773587717664875,0.17708211769682713,0.052066306185369164,0.023579361414392444,0.051481898862606575,-0.011421214193620736,0.05397676522774536,0.15593550251579774,0.046834170630332767
53175,14370,61076,4,SkyW,1.8028240163340954,0.8685,57.8617,50.2091,-43.091106988593026,0.05291548358540886,0.14627819662470015,0.0006549053624210026,0.042880717099348126,0.07420679863056975,-0.04272252275332722,0.04834297549763075,0.12668054741259308,-0.04370048709882747
43253,14392,60863,3,SkyE,1.3826888998058153,0.8634,78.8307,54.1501,43.25208342470512,0.07615974922669526,0.13501330585484056,0.06477664222518803,0.057169918473928334,0.13201996412840916,0.05502752580951997,0.07964753148785286,0.1406514162408468,0.05904333475826162
51706,14408,61046,2,SkyW,1.0059133562955513,0.8909,44.8737,51.3282,-39.06508714232538,0.06224207395182482,0.16822160245868245,0.05121690858405789,0.058184265916209954,0.10692559777744537,0.05727840933095095,0.09225815561154946,0.18649734249169583,0.0907322321213312
11385,14412,60337,1,SkyE,1.196549951517178,0.94,41.5119,27.427,-28.958557302452874,0.4020820901038051,0.4889825686014196,-0.4020820901038051,0.5096256132279213,0.5391201979491671,-0.5096256132279213,0.5010995223240318,0.5281768179902321,-0.5010995223240318
39269,14417,60782,0,SkyE,1.6689495355067792,0.8405,86.3502,53.6144,-47.1973637594202,0.06881527626697963,0.1736664557612334,0.0447950301349605,0.08688949880710133,0.13299252783904933,-0.08688949880710133,0.06286163795329683,0.14523498329321527,-0.053948448032744775
44537,14419,60893,2,SkyW,1.564438158271545,0.8861,86.2506,53.798,39.53415483171568,0.2291999822354069,0.3514981495206109,-0.2291999822354069,0.4182953186432681,0.5094673562464636,-0.4182953186432681,0.5714682994356975,0.5968733987059758,-0.5714682994356975
43259,14433,60863,3,SkyW,1.1290984847277643,0.8661,57.8276,53.6866,42.49697298058683,0.09528226338883258,0.15551270833328815,0.0884954717333856,0.07459526890013637,0.14686722417633857,0.07324354754704643,0.05275286585524806,0.14936910780931553,0.018670448279257672
13033,14454,60364,3,SkyW,1.337903311376875,0.9984,21.1097,30.8518,3.898073633971819,0.12960897623421705,0.20886307454684064,0.12620546524652035,0.05641438233118507,0.07877041719186721,0.05586148091768116,0.09259989446936343,0.23705726573107339,0.09259989446936343
17971,14458,60450,1,SkyW,1.057836525497524,0.879,46.5125,59.8492,41.08714754451407,0.03289192871084047,0.23886267689972637,-0.020372274070836395,0.05810825492681017,0.10758622065016615,0.002338455595648504,0.04062329705375846,0.16931506048269232,-0.026650399888503262
43510,14461,60867,3,SkyW,1.6179141123084364,0.9973,86.3362,52.8365,-6.0585220372200865,0.15070259217236262,0.21973281521886562,0.1498560949371884,0.10447416123599057,0.15852220419227026,0.10438072308364668,0.175080278509733,0.23605314208426942,0.175080278509733
43254,14467,60863,3,SkyW,1.3233614409817172,0.8639,75.4462,54.0737,43.12773126224894,0.061531293687874966,0.118924692896564,0.047628108836393554,0.04816948343878528,0.1197265424521375,0.045255709039526484,0.05575386619500526,0.14242163619851173,0.02525875732514587
32979,14485,60692,1,SkyE,1.02703624880327,0.8816,48.2516,45.7153,-40.78840347000775,0.1972569012508148,0.28344786251580106,-0.1972569012508148,0.2666527629973515,0.33906961171994443,-0.2666527629973515,0.3785093852476941,0.47806373038826316,-0.3785093852476941
43255,14488,60863,3,SkyW,1.2724239247792093,0.8643,72.0177,53.998,43.00394222364807,0.06958005768803022,0.13414070010102397,0.05866181161814223,0.05697275011962003,0.12656944479150756,0.05555048345634034,0.060679462675292256,0.11773125423064484,0.038899696549776666
44539,14492,60893,2,SkyW,1.7098268640499075,0.887,86.5186,52.9373,39.26919449922201,0.09638195539924094,0.21477171077346632,-0.09614539683646728,0.25017076114932024,0.3141480725325678,-0.25017076114932024,0.35275955898365785,0.3863792300650597,-0.35275955898365785
43256,14508,60863,3,SkyW,1.2286593647767192,0.8647,68.573,53.9226,42.88053313373487,0.07541737290894916,0.1315698236383473,0.0671566167494084,0.05034868426218486,0.12563332636481653,0.0475419862422367,0.04617631677684504,0.1355921143659729,0.009861806017369027
43252,14515,60863,3,SkyE,1.4529250910971365,0.863,82.1283,54.2284,43.37877774499859,0.06306762007850503,0.13010508760644726,0.053614996446951384,0.04259704464091181,0.11016509497978723,0.035101827379228054,0.06682750244184063,0.12466558745393273,0.04118607265138899
43258,14516,60863,3,SkyW,1.1559001980451908,0.8656,61.299,53.7634,42.62091158438702,0.09360414711727857,0.15361303283857874,0.08817680005426863,0.07907294059128132,0.14769749781151278,0.0780171182886287,0.061982556641100334,0.14473986446841472,0.02576029156378798
43261,14517,60863,3,SkyE,1.0875561495420858,0.8671,50.6823,53.5254,42.24103006230419,0.09159747456252368,0.14543829920869994,0.08531709167728198,0.09247637482892077,0.16091972014832034,0.09132620721948284,0.07955283355195185,0.13170840467452233,0.06039784249740088
43257,14524,60863,3,SkyE,1.190803469643575,0.8651,65.0916,53.8466,42.75621834555923,0.09409085011907899,0.15037539224369473,0.08838322021836253,0.08289176190274943,0.14841082274130052,0.08254579146001387,0.08124714143264225,0.13912027289504292,0.05308774542161897
43260,14525,60863,3,SkyW,1.1059452992579824,0.8666,54.2184,53.6059,42.367870806834816,0.10493561907077188,0.1584553977689127,0.09975126592603037,0.0985332958020389,0.1635931037559523,0.09790821983265459,0.07006311722625244,0.13023836105233136,0.04316620017134905
39271,14532,60782,0,SkyE,1.6465034744478244,0.8396,85.6497,56.7553,-47.462137415201454,0.0544781646755331,0.1514100084379614,0.015832064181027495,0.0880586343881565,0.14017376154304897,-0.0880586343881565,0.07622188878714309,0.16112947280079004,-0.07144014551494651
43263,14534,60863,3,SkyW,1.0629408949316497,0.8681,43.7727,53.3636,41.991812125475974,0.07732724942183544,0.13246610293568317,0.07103637265772147,0.09605956458616965,0.15857729601412074,0.09531891813783794,0.06631730685352846,0.1549256423588415,0.03401685925614803
44541,14537,60893,2,SkyW,1.799115811870984,0.8878,79.5291,52.9349,39.00634644515941,0.04277209428616733,0.11754817109440008,0.014365217900448032,0.034362037247672596,0.07013149991495564,-0.015385061554331727,0.08999728348435473,0.18779602825832226,0.08999728348435473
39272,14541,60782,0,SkyE,1.5462379561186745,0.8391,82.2544,56.6824,-47.586590226765395,0.04512035958751553,0.1383801450512946,0.00866913308845633,0.09702598240424463,0.14855575816809047,-0.09702598240424463,0.08726433460854838,0.17384296727599716,-0.08421245059723109
43262,14543,60863,3,SkyW,1.0733953656858026,0.8676,47.2158,53.4451,42.11625523540326,0.09069066148027098,0.14077408492210491,0.08452255019200586,0.09530928524892676,0.1644827794863157,0.09436052385089455,0.07482008313299708,0.15051684389224051,0.037777641690676864
44540,14545,60893,2,SkyE,1.7474719802798964,0.8874,83.0179,52.937,39.13716917999437,0.04914513688478839,0.12462652799915497,-0.015473306324458359,0.10956963872258228,0.13405663036410415,-0.10956963872258228,0.09609223284232009,0.13719567679916306,-0.09501809928534903
51373,14593,61040,3,SkyE,1.1112491308130816,0.8417,37.1039,53.8199,47.06581029074215,0.15539689420700373,0.27790977662294875,-0.15539689420700373,0.15706236553418101,0.18414715657440717,-0.15706236553418101,0.24690840075738502,0.3863415669500216,-0.24671078226918786
41924,14602,60833,0,SkyW,1.0652362563965068,0.837,58.1234,50.0446,47.968037724079124,0.041210648955124225,0.19941627611376705,-0.04030210053443092,0.0706279506082775,0.12966736816402902,-0.0706279506082775,0.09619375015838877,0.22754024932727904,-0.0950426453677295
19583,14643,60480,4,SkyE,1.2231071085444105,0.9014,60.8872,48.8845,36.99920386785524,0.066517926192308,0.12209910135929893,0.054782366689489215,0.07375490637403462,0.14694435920643084,0.07260721270815612,0.14941804568705924,0.20919011534499177,0.14675612573030353
41925,14644,60833,0,SkyW,1.092727200035308,0.8375,61.3982,50.091,47.84349420911161,0.04322064253537261,0.18808681203806893,-0.042945734783006534,0.09408203335936904,0.1538715891477949,-0.09408203335936904,0.09808225728517984,0.21257692417578034,-0.09751974838907136
39276,14682,60782,0,SkyW,1.2514985719150602,0.8371,66.9827,56.3661,-48.13416514157251,0.09326218815544408,0.2571755951454097,-0.09326218815544408,0.12540332182352967,0.18077044218095864,-0.12540332182352967,0.13520155257773148,0.2250596853254717,-0.13487336287643137
21641,14683,60509,1,SkyE,1.5123888759315127,0.8634,73.4213,51.8963,43.677028992979785,0.0775871645740649,0.14167236173302408,0.06809519457123735,0.04145316824023602,0.10735062536881114,0.03967053869461965,0.07652806730271115,0.1376985740836962,0.0731943986586749
19581,14686,60480,4,SkyE,1.1987532587726377,0.9005,53.868,48.6722,37.2613762662136,0.025439220262129043,0.14920657039358676,-0.0049813072792654145,0.0318125190052653,0.08478393364538922,0.013099633462929786,0.057051266784905616,0.11169043365249547,0.050004089379283946
43246,14724,60863,3,SkyE,1.4573202147261768,0.8603,73.2002,57.1976,44.18774131466702,0.053009053663435016,0.1243220583518927,0.038791422062729106,0.05355788496968304,0.11560843101300289,0.04973565447012128,0.07175938091219147,0.14238530864155147,0.0340462480726343
19582,14726,60480,4,SkyE,1.2076971380698671,0.901,57.4247,48.7808,37.12881964210723,0.030487046731661728,0.14695465427404591,0.01165773131498322,0.053447094296614,0.1251165249939369,0.05260697364703192,0.1372079345704961,0.19982415456473418,0.13641030780663832
43264,14745,60863,3,SkyE,1.0559233391494418,0.8686,40.2973,53.2794,41.865603689347125,0.07864481758776423,0.134796063925285,0.07204450959993498,0.10332805949869969,0.16120956997346259,0.10090384236849756,0.07829567281388015,0.13168609076062618,0.06693946589441366
31079,14753,60656,4,SkyW,1.1237471198728428,0.8568,44.2479,58.7278,44.68402938458766,0.04306255501718155,0.20496547728395487,-0.04296269490315194,0.03835846189026844,0.10090954297189618,0.03467973283310495,0.0568038458184606,0.1776987927152829,0.007836022395078829
21651,14781,60509,1,SkyE,1.3587800250794186,0.868,72.2654,58.0752,42.36354275639613,0.062387491323157816,0.11858904616574886,0.05280533860335422,0.05490012368328723,0.12371925822752279,0.053569248945154024,0.11426372593023473,0.18230470457240258,0.11321116017932531
43265,14830,60863,3,SkyE,1.0524470376781379,0.8692,36.9065,53.1949,41.74179794662922,0.08160582125482613,0.1335639962478067,0.07504901102596415,0.10714883531316557,0.16805657621738668,0.10657621969312811,0.08986315284882196,0.1438330404488651,0.07769372326068757
31078,14839,60656,4,SkyW,1.092673650320614,0.8562,44.2509,58.6247,44.8369018019236,0.03442161757372359,0.20471811847960897,-0.032147253212213525,0.04083197324828187,0.10902322070931778,0.03871724449959559,0.0644425344398587,0.15193508338796172,0.01675100953100142
43245,14852,60863,3,SkyW,1.3836532873374598,0.8598,69.2428,58.6272,44.32911663166237,0.02342409306249978,0.15052072008334116,-0.013896519585353387,0.04355451992800781,0.09818844984036429,0.01920323533411246,0.05026348975871935,0.14297561566924905,0.006871074832859945
43243,14855,60863,3,SkyE,1.2887372811625688,0.8588,62.2677,58.4418,44.57667486402008,0.02829175425456685,0.19275274008867496,-0.026371016951557743,0.04785363769117495,0.11751953252620907,0.0376826027817032,0.07373925282821846,0.14810552206471636,0.03057185563139858
21649,14867,60509,1,SkyW,1.5105272572005746,0.867,79.3167,58.2429,42.64034870442984,0.05659588447082446,0.11662245122171806,0.046067933802881274,0.04006437110409351,0.10851007885382032,0.03829150252319728,0.10209529172749142,0.1726880892305215,0.09948174276975061
43266,14872,60863,3,SkyE,1.052443749494407,0.8698,33.2358,53.1008,41.60692620384623,0.08624215602376833,0.1431895598326603,0.07924157435036647,0.10473499602331615,0.16295823431963968,0.10438780871747425,0.08741679578587527,0.14129060136900326,0.07954855673088296
47436,14892,60958,0,SkyE,1.0195203648070958,0.861,29.9107,59.8252,-43.34753697035188,0.09867845284117567,0.2433299108882916,-0.09867845284117567,0.08035164628109673,0.12265621331427576,-0.08035164628109673,0.08511742584023743,0.15003320622215854,-0.08502246003113761
43244,14900,60863,3,SkyE,1.331526171363478,0.8593,65.7995,58.5366,44.45146068140889,0.03127768689379183,0.19331834811639062,-0.03035304515481577,0.04507072795794203,0.10398780629088862,0.028591410876112815,0.06932730803324451,0.1299286419816905,0.03661984865728702
21653,14914,60509,1,SkyW,1.2461334450379993,0.869,65.0803,57.905,42.08233868501955,0.07189285955309604,0.12658750868158342,0.06433556287272307,0.07192956175475572,0.14596610415383163,0.07062481351086633,0.1178092185717875,0.18926453846534014,0.11633050611478761
47091,14936,60951,4,SkyW,1.0259711174690704,0.8068,23.0366,56.4357,51.56761261201734,0.027294043093016505,0.15462919612207468,-0.00045245355272499605,0.053086166022344033,0.11208335011216156,0.04806662676664504,0.05099624075715078,0.12767112969543593,0.0357718568618603
47435,14941,60958,0,SkyW,1.010997698055284,0.8616,28.3283,59.7173,-43.193458112036325,0.08749542951245298,0.2548129822284255,-0.08749542951245298,0.08652696579117361,0.12835879537868172,-0.08652696579117361,0.12661325188005992,0.19941831464426832,-0.1263175392405025
21650,14962,60509,1,SkyE,1.4293741004890261,0.8675,75.8314,58.1596,42.50320053962972,0.061286724615302324,0.12129867063875077,0.05046525674148707,0.04624869557116098,0.11032334953269703,0.04454982918988804,0.10673467840308545,0.18990346929753096,0.10539549799531883
21654,14963,60509,1,SkyE,1.203694440022915,0.8695,61.6575,57.8231,41.948081963897266,0.06624371380130652,0.11627321563605603,0.058579762914195005,0.07064909118780184,0.1407890669441717,0.06799099165425998,0.11915850794183226,0.18016934569050974,0.11775216995871766
47090,14987,60951,4,SkyW,1.0144937336766149,0.8059,26.7102,56.5363,51.71653944517834,0.03137840677245019,0.19232154269579996,0.008824694478568111,0.06409425758592206,0.1244035561524198,0.06048078128720225,0.06163076122310245,0.12322583755737967,0.05368106506212321
21639,14999,60509,1,SkyW,1.5012227222387178,0.8624,66.3698,51.7385,43.95113794771845,0.028324301645924334,0.12210363099415845,-0.0071466381460804215,0.03293541336595167,0.10197128548795781,0.023740688685165823,0.06687993652879523,0.11493761078867018,0.05461631027056023
47089,15037,60951,4,SkyE,1.0080533696940257,0.805,30.2423,56.6291,51.85911291320835,0.02768984255114506,0.22963553324607072,-0.019425726064153683,0.04409178399071836,0.1165249800060926,0.03890311564007941,0.0665026784181681,0.14983466396602904,0.057658325866460705
21640,15048,60509,1,SkyW,1.5018784645335617,0.8629,69.8578,51.8177,43.815613389365126,0.033425896779748804,0.10270604126093887,0.0007155692732111867,0.037858861376190225,0.09928138274692858,0.023406367727456426,0.08385591721775838,0.13852030423817074,0.07881251685387101
21655,15058,60509,1,SkyW,1.166692470160658,0.87,58.1753,57.739,41.81115051141518,0.0762623355568144,0.13381923938454296,0.07011520893867555,0.06944784268155041,0.13904577644991487,0.0692814436152355,0.12615089726714745,0.19598860626751582,0.1254619899552534
39270,15101,60782,0,SkyW,1.7490308981075249,0.84,88.4966,53.6785,-47.33234058475887,0.07657741622627497,0.1607968901641839,0.04785302731918912,0.09301828021805923,0.1404572329279268,-0.09301828021805923,0.07842803052732354,0.17114153844205318,-0.07458795429983911
21648,15105,60509,1,SkyW,1.6050926134269337,0.8665,82.7286,58.326,42.77660286989982,0.05330678730146924,0.11891791471106666,0.04005114356543818,0.04556245948057551,0.11218590814105074,0.042544506805155674,0.10372046855887676,0.16310324552218738,0.10064224613151052
21658,15110,60509,1,SkyW,1.0857521378587325,0.8717,47.5308,57.4729,41.389495122208416,0.058606225402122264,0.12100650842785834,0.04802184808185043,0.05801736687278732,0.12478849915385716,0.05722563401420909,0.10405523982549277,0.17624622746150118,0.10144220512698954
21647,15158,60509,1,SkyE,1.7198847793205847,0.8661,86.0248,58.4121,42.91656810906639,0.05250809577794634,0.11377369546310108,0.037064065655133635,0.03982786584026342,0.10942971647604782,0.03696918888879976,0.10571271334711,0.17018320679353605,0.10345881586768728
21652,15161,60509,1,SkyE,1.2985551663197539,0.8685,68.7044,57.991,42.2242286714546,0.060071491454842724,0.12002969574587229,0.04775228187027754,0.05471976133371921,0.12175436873449112,0.054427186603118724,0.10638534688137997,0.17291439012155707,0.10515681968838153
21656,15165,60509,1,SkyE,1.1349250384509024,0.8705,54.6565,57.6527,41.67232859576845,0.05730746624910828,0.12247790380460065,0.047242030113222894,0.05780535379450219,0.1203065562658515,0.05730068154572663,0.10565955565780412,0.16712488893706948,0.10418138087731857
21661,15166,60509,1,SkyW,1.0454695473553142,0.8735,37.1511,57.1947,40.972114885384116,0.0716638858086309,0.13209350142167,0.06384248229552505,0.06526562567543809,0.13044044945541125,0.06476701810333281,0.09560327336244227,0.17721670857076882,0.09343229659900332
45948,15204,60929,0,SkyE,1.0130904324095915,0.835,38.5827,59.8951,-47.52409633117534,0.14483434102005327,0.19993451771175352,0.13872874545809882,0.037121368496723386,0.10383557346568685,0.034307387138303044,0.08798198968917345,0.1452530864855505,0.08380909695527411
21657,15221,60509,1,SkyW,1.1071329348161965,0.8711,50.9742,57.5607,41.52648692616458,0.06635439647342689,0.12811785175013093,0.05643861121965985,0.07052713211130338,0.13073436345067244,0.07011832421080522,0.11586075277068994,0.18631178452711505,0.11505330970797398
21659,15224,60509,1,SkyW,1.068089143987961,0.8723,43.9929,57.3805,41.2480371754242,0.06418092080818918,0.12099264667335162,0.05586791031278826,0.05900836795183646,0.12197863166034775,0.05847535073200018,0.09555701034582266,0.16325206452208155,0.09143549626435535
21662,15225,60509,1,SkyW,1.0396806435681005,0.8741,33.7782,57.0989,40.83475138219384,0.07277964533160912,0.13263150749281874,0.06394605477631127,0.06144057761215806,0.1278074354203406,0.06093213931498602,0.08107427715212526,0.15278160800754867,0.07742639615029359
47130,15287,60952,4,SkyE,1.5195018229132982,0.8767,73.0549,47.3031,41.32865938883495,0.12628646245149017,0.19570454125462197,0.12604653536495644,0.0687262312697822,0.1336929651376026,0.06839039251307655,0.11850465011464861,0.18936109453050853,0.11660567066979792
21660,15291,60509,1,SkyW,1.0549614366588584,0.8729,40.5816,57.2892,41.1108848167234,0.07104109567393782,0.13074916392464883,0.06302962661419102,0.07014478985543049,0.13470501968757764,0.06980268012715807,0.10864524024267459,0.19388629516508377,0.10653369846788466
21663,15360,60509,1,SkyE,1.0373914260440495,0.8748,30.4425,57.0011,40.6979000350631,0.08531391714926605,0.14314019811908185,0.07929060062735954,0.088483674818913,0.14991148224614984,0.0881137763892332,0.10145900610751808,0.17755561588013355,0.09905471302731836
21664,15478,60509,1,SkyW,1.038564188849015,0.8755,27.102,56.8999,40.559733943129515,0.08507046138230082,0.1398491442480978,0.08066084760228512,0.08920495220085442,0.14328829488317874,0.08878943580634538,0.10186420085509641,0.18389309934236706,0.10076346450499503
20013,15522,60486,2,SkyE,1.6475641711043711,0.8676,80.5077,54.0354,-42.81383942308827,0.06258118647587801,0.12787451169591446,0.05201574169988256,0.026761881226246096,0.07460270255775929,0.005078512488264972,0.10372117105942567,0.2122555962570479,0.10133607443243617
47129,15524,60952,4,SkyE,1.6565601870879894,0.8761,71.4097,47.3658,41.492882310147394,0.11760194343481754,0.19399884795183275,0.11671285340458061,0.04640049654886522,0.105282324715988,0.0460872063302354,0.09200184066489275,0.1922352081720671,0.08917860895245162
47132,15525,60952,4,SkyE,1.3266076365599064,0.8778,73.4239,47.1852,41.01294988220309,0.10606134593837545,0.17518280001493736,0.1006908621702194,0.07090920959188017,0.1272047157696434,0.07074512487936443,0.11862399776133029,0.18995612447010926,0.1171619333459041
29465,15605,60626,2,SkyW,1.1726067465404302,0.8002,62.5699,53.0016,53.334455732254696,0.08894020602444529,0.1951909985147394,-0.08894020602444529,0.14138839296812522,0.18058907192669146,-0.14138839296812522,0.1793729365130818,0.26873986357236523,-0.1783312728691028
29467,15611,60626,2,SkyW,1.2545567479515911,0.8016,61.5289,53.2257,53.0279883349981,0.052829539449861324,0.1334431638001209,-0.04240444976321964,0.110897724203837,0.15811089435619927,-0.110897724203837,0.1827824602901177,0.2538355808910027,-0.1825532409796966
29470,15613,60626,2,SkyW,1.4390652660802368,0.8037,56.4971,53.5706,52.561071433252025,0.05728680238412398,0.12369647645916639,0.018859023082739304,0.07646926275764879,0.12662575605033122,-0.07646926275764879,0.1078392483154795,0.17598271631023585,-0.10780011151034298
29468,15614,60626,2,SkyW,1.3057399212991667,0.8023,60.2868,53.3377,52.87547196436505,0.05115002460314201,0.13039638494396075,-0.039749998171184964,0.11228260072802781,0.16108642407735763,-0.11228260072802781,0.1842505868465671,0.2716190414796389,-0.18383695104161352
29469,15615,60626,2,SkyE,1.370027442447542,0.803,58.4958,53.4588,52.71163944537291,0.05449659494015833,0.11842394737676032,0.003755962552101788,0.09717487359406254,0.1419393823006315,-0.09717487359406254,0.14006349514833177,0.20300999147761958,-0.13990946921691508
29466,15652,60626,2,SkyW,1.2099271830015776,0.8009,62.3117,53.1122,53.182967242415444,0.06340682095845254,0.15428913408700837,-0.06243212032927613,0.12912382197100827,0.17084390320547838,-0.12912382197100827,0.18093249482246487,0.2672529432960318,-0.18057397499169697
21666,15685,60509,1,SkyW,1.051230392336043,0.8769,20.6079,56.6924,40.28741592520208,0.08700804911571339,0.14875951495153164,0.08066245442753554,0.06784931871850614,0.1157704983503624,0.06750499687663111,0.06459639505313788,0.14479780349818763,0.057411242958633396
20018,15719,60486,2,SkyE,1.2151726519298678,0.8648,68.5942,53.6242,-43.56447396153382,0.04245595149017473,0.11480826656037493,-0.015561396805775791,0.03571480165193842,0.06868374654016761,-0.0317171105421878,0.04037119129789379,0.10480242588465645,0.030906295313026147
17220,15720,60428,4,SkyW,1.1130325893863002,0.8151,82.1498,31.7334,-51.24117542929906,0.10591511753622104,0.16769128096660246,0.09273790046386927,0.04143280179804795,0.12189869064815126,0.033201221094898405,0.10198320174867992,0.17998681509564343,0.09310206095484683
22152,15723,60516,1,SkyE,1.0722016009417348,0.8022,59.3194,51.7785,-52.592552873750606,0.12670567806765565,0.20206246918558882,0.12465505671375621,0.054959818837036545,0.107623580311918,0.054088441544990554,0.0801100337755608,0.1349149559618379,0.07737115493343283
21665,15732,60509,1,SkyE,1.0432216204385765,0.8762,23.8068,56.7965,40.42221642533403,0.08759448791557066,0.15295193388019498,0.0803536123848931,0.08099911387407371,0.1335206858328607,0.08060474998693615,0.08577387328233944,0.1602241268540699,0.0844020914347109
22153,15821,60516,1,SkyE,1.090214983480871,0.8015,60.9695,51.8899,-52.74530025543163,0.11295573835256935,0.20298583421854283,0.11167235254560214,0.050608971943172036,0.10025896866793797,0.04909558487159969,0.08089133539701947,0.1438690333347657,0.07956624178313386
47128,15863,60952,4,SkyE,1.8093265681643251,0.8756,69.3153,47.4231,41.63957051876292,0.08353944231866517,0.16271803024633114,0.07598341453986408,0.021703578622479784,0.06521792398630828,0.005557390711904678,0.04553562594562147,0.12535342864303828,0.03627505329197428
22155,15912,60516,1,SkyE,1.1400822553308905,0.8002,62.951,52.1149,-53.05481728470292,0.09715388274988278,0.17835242264016274,0.09205056042456589,0.021513538844368282,0.058242569988624364,0.0012432163768122135,0.03877045270077878,0.1198318144765743,0.02837867484086336
22154,15957,60516,1,SkyE,1.1130602304823571,0.8008,62.2196,52.0037,-52.90177602518018,0.10929262873918909,0.1844128541305401,0.10337773427100655,0.033879870546064686,0.08122188085747434,0.031104869444884702,0.06016692017387812,0.13580378257488737,0.05768348435959336
20014,15999,60486,2,SkyE,1.5258080318133678,0.867,79.5506,53.955,-42.962273759025095,0.0536112709110779,0.1386671526665193,0.04325992514820778,0.02731614288506226,0.0749049818946281,0.005482873508470146,0.09751128297413825,0.20994111029896945,0.09490225417472435
47133,16129,60952,4,SkyE,1.2611347944141256,0.8783,72.316,47.1321,40.86927858570124,0.10240560336490995,0.17054474222887891,0.0942926294210118,0.07439839223228004,0.1344106099953048,0.07386877645331867,0.12251562921472409,0.20455116831820894,0.12155317468052172
47134,16130,60952,4,SkyE,1.2065740273025995,0.8788,70.5745,47.0794,40.726622137525055,0.0861807743764771,0.15125320106382387,0.07990678659795915,0.06654119809186305,0.11563258838768897,0.06588716547380952,0.11446082534504495,0.1911707857887456,0.11188899519215677
47135,16131,60952,4,SkyE,1.1608715221683747,0.8793,68.354,47.0264,40.58425813459951,0.08953521796322439,0.15908687481243142,0.08168857304349789,0.07025219877824386,0.128083454969387,0.0698068374428207,0.11383975240248961,0.18109659027558017,0.11211970405741502
20015,16132,60486,2,SkyW,1.4265762643666589,0.8665,77.572,53.8747,-43.10985980644466,0.04861294846815867,0.13491646533452814,0.024206286616792805,0.027915769760232134,0.06066951774957681,-0.008911592901011633,0.08455162696195248,0.19017884487019598,0.08231122445086178
20017,16242,60486,2,SkyW,1.274338846543897,0.8654,71.9201,53.7105,-43.409531014857436,0.04758585464709423,0.12790726393689184,0.012265947942843556,0.024396194996235576,0.05609391968757184,-0.012042806400679378,0.06779824853055316,0.1602054313281324,0.06492514139616279
47434,16268,60958,0,SkyW,1.0065322084335522,0.8623,26.4993,59.6029,-43.03385012588214,0.03812487400182,0.11283270387891349,0.021652450342518743,0.03168180803750654,0.08284739763480616,-0.025643855742326863,0.10253929798415923,0.17291549043974302,-0.10218033143740962
47136,16272,60952,4,SkyW,1.1222804367363433,0.8799,65.756,46.9723,40.440348218726626,0.10334400278307616,0.17009852233157582,0.09888543934995356,0.08463569878355615,0.13977568537850077,0.08439970896216267,0.11669806663525047,0.1933010310864618,0.1161846359879881
47137,16273,60952,4,SkyW,1.09045881216825,0.8804,62.9178,46.9176,40.297003015039365,0.09188212880621185,0.16137705311184777,0.09038249453595307,0.08091395919522935,0.13496943971967865,0.08070039869455617,0.1044780518387542,0.1797152432121081,0.1018326364143545
47138,16274,60952,4,SkyW,1.0645875341193922,0.8809,59.9171,46.862,40.15432847133286,0.09003593934037675,0.15893886982688815,0.08440112025043567,0.08213788617914151,0.13570930979139112,0.08192800128852504,0.10869837752183925,0.18124441450028633,0.1078944105580388
47139,16275,60952,4,SkyW,1.043916878317374,0.8815,56.7897,46.8051,40.01160422554065,0.08424891344959015,0.1495310449529884,0.07902177421192678,0.06925423129624601,0.11978314380700929,0.06893349022123954,0.09294629787937563,0.1728388868534152,0.09229271567693578
20016,16308,60486,2,SkyE,1.3430162617627925,0.866,74.9138,53.7925,-43.26037661915325,0.04530756810323207,0.1278025150547078,0.017794551556609434,0.02640508546822703,0.0627850959580445,-0.0027340653497101557,0.07782437629593239,0.1692270814012682,0.07469728144909694
47083,16314,60951,4,SkyE,1.064926322910848,0.8001,52.3225,54.6791,52.7450163687291,0.10027274959430944,0.15347341084145075,0.09528361152054299,0.05740211120761948,0.12750359203846676,0.05387578598939405,0.050977859629288275,0.11572443492914211,0.04063710894100115
47084,16315,60951,4,SkyE,1.0467803282322692,0.8008,48.8976,54.5971,52.607315754218874,0.09640523221908276,0.14937872138983915,0.09020770134982267,0.06245369702182958,0.12814087467196222,0.06158863214162044,0.06675518246038593,0.1416369565581497,0.060542491778150576
47140,16326,60952,4,SkyW,1.0278209021409785,0.8821,53.5252,46.7458,39.866851296326814,0.08346775478073878,0.1518187651542888,0.07603786907916071,0.07120550022487641,0.12660369521894682,0.07087445775033246,0.10314102586763302,0.17686636988793347,0.10243869593494838
47433,16327,60958,0,SkyW,1.0063445475416815,0.863,24.5671,59.4899,-42.87984680317754,0.043812583522490504,0.12618903744464502,0.03168209196637114,0.02520961209969417,0.08098822460376214,-0.0061473295658577756,0.10453953420182918,0.1592898391601979,-0.10377459852804717
47085,16335,60951,4,SkyW,1.0273013597090825,0.8017,44.9231,56.9781,52.44798703674958,0.10971143270809111,0.16228849775364418,0.10622564476042878,0.07966888633876207,0.15057541577700395,0.07846299767762199,0.06031288241627437,0.14134561894571482,0.05247920250427229
47432,16357,60958,0,SkyW,1.0101760068521675,0.8636,22.4932,59.3746,-42.72640974391925,0.05037077534872853,0.12621023716739987,0.03969410845426005,0.02729329029383839,0.07351345829848148,0.0042318139717288355,0.1185012966109273,0.1877580880626401,-0.11662850671477626
49922,17246,61011,0,SkyE,1.0264006289034617,0.8767,45.1171,54.1431,41.47935963960376,0.0828420220758162,0.16559626954846488,0.07068679279027,0.0644538492778797,0.11519701021486864,0.06341056203765358,0.04882423535078845,0.10619546761909272,0.02902639548639012
49923,17247,61011,0,SkyE,1.0420692808298535,0.8772,45.6586,54.2496,41.319620347753755,0.07281841966076408,0.16683788100022712,0.05742882910864879,0.060890654193018624,0.11618041898396864,0.05983739273232418,0.04852711218539701,0.11369816326956741,0.01998889747171901
